d,s,code,name
2023-08-10,3.7745089416324,510300.SH,沪深300ETF
2023-08-10,2.6615124494313,510880.SH,红利
2023-08-10,0.42,512170.SH,医疗
2023-08-10,1.0533053551857,512400.SH,有色
2023-08-10,0.435,512480.SH,半导体
2023-08-10,0.835,512690.SH,酒
2023-08-10,0.57332245357344,512800.SH,银行
2023-08-10,1.074,512880.SH,证券
2023-08-10,453.62,AU9999.SHG,黄金现货
2023-08-11,3.6858616364519,510300.SH,沪深300ETF
2023-08-11,2.6249101171209,510880.SH,红利
2023-08-11,0.416,512170.SH,医疗
2023-08-11,1.0298115554417,512400.SH,有色
2023-08-11,0.425,512480.SH,半导体
2023-08-11,0.814,512690.SH,酒
2023-08-11,0.56181598199212,512800.SH,银行
2023-08-11,1.027,512880.SH,证券
2023-08-11,455.25,AU9999.SHG,黄金现货
2023-08-14,3.6606671391901,510300.SH,沪深300ETF
2023-08-14,2.6196812125051,510880.SH,红利
2023-08-14,0.415,512170.SH,医疗
2023-08-14,1.0210013805378,512400.SH,有色
2023-08-14,0.422,512480.SH,半导体
2023-08-14,0.805,512690.SH,酒
2023-08-14,0.55481204276871,512800.SH,银行
2023-08-14,1.017,512880.SH,证券
2023-08-14,455.95,AU9999.SHG,黄金现货
2023-08-15,3.6569346210773,510300.SH,沪深300ETF
2023-08-15,2.6405968309682,510880.SH,红利
2023-08-15,0.41,512170.SH,医疗
2023-08-15,1.0141490222791,512400.SH,有色
2023-08-15,0.4115,512480.SH,半导体
2023-08-15,0.804,512690.SH,酒
2023-08-15,0.56081541924592,512800.SH,银行
2023-08-15,1.036,512880.SH,证券
2023-08-15,456.0,AU9999.SHG,黄金现货
2023-08-16,3.6289407352308,510300.SH,沪深300ETF
2023-08-16,2.6397253468656,510880.SH,红利
2023-08-16,0.41,512170.SH,医疗
2023-08-16,1.0033810307298,512400.SH,有色
2023-08-16,0.4025,512480.SH,半导体
2023-08-16,0.802,512690.SH,酒
2023-08-16,0.55931457512662,512800.SH,银行
2023-08-16,1.038,512880.SH,证券
2023-08-16,456.79,AU9999.SHG,黄金现货
2023-08-17,3.6410714190976,510300.SH,沪深300ETF
2023-08-17,2.638853862763,510880.SH,红利
2023-08-17,0.412,512170.SH,医疗
2023-08-17,1.0092544806658,512400.SH,有色
2023-08-17,0.4065,512480.SH,半导体
2023-08-17,0.819,512690.SH,酒
2023-08-17,0.55581260551491,512800.SH,银行
2023-08-17,1.038,512880.SH,证券
2023-08-17,456.7,AU9999.SHG,黄金现货
2023-08-18,3.5944149426868,510300.SH,沪深300ETF
2023-08-18,2.6397253468656,510880.SH,红利
2023-08-18,0.404,512170.SH,医疗
2023-08-18,0.98869740588988,512400.SH,有色
2023-08-18,0.401,512480.SH,半导体
2023-08-18,0.8,512690.SH,酒
2023-08-18,0.55731344963421,512800.SH,银行
2023-08-18,1.021,512880.SH,证券
2023-08-18,456.1,AU9999.SHG,黄金现货
2023-08-21,3.5458922072196,510300.SH,沪深300ETF
2023-08-21,2.6179382442999,510880.SH,红利
2023-08-21,0.401,512170.SH,医疗
2023-08-21,0.97988723098592,512400.SH,有色
2023-08-21,0.396,512480.SH,半导体
2023-08-21,0.8,512690.SH,酒
2023-08-21,0.5498092290377,512800.SH,银行
2023-08-21,0.985,512880.SH,证券
2023-08-21,457.92,AU9999.SHG,黄金现货
2023-08-22,3.5673541863686,510300.SH,沪深300ETF
2023-08-22,2.6336249581472,510880.SH,红利
2023-08-22,0.399,512170.SH,医疗
2023-08-22,0.98576068092189,512400.SH,有色
2023-08-22,0.402,512480.SH,半导体
2023-08-22,0.799,512690.SH,酒
2023-08-22,0.55531232414181,512800.SH,银行
2023-08-22,1.004,512880.SH,证券
2023-08-22,457.82,AU9999.SHG,黄金现货
2023-08-23,3.5160320623167,510300.SH,沪深300ETF
2023-08-23,2.638853862763,510880.SH,红利
2023-08-23,0.391,512170.SH,医疗
2023-08-23,0.96324578950064,512400.SH,有色
2023-08-23,0.3915,512480.SH,半导体
2023-08-23,0.784,512690.SH,酒
2023-08-23,0.55381148002251,512800.SH,银行
2023-08-23,0.977,512880.SH,证券
2023-08-23,458.32,AU9999.SHG,黄金现货
2023-08-24,3.5374940414657,510300.SH,沪深300ETF
2023-08-24,2.6249101171209,510880.SH,红利
2023-08-24,0.401,512170.SH,医疗
2023-08-24,0.98086613930858,512400.SH,有色
2023-08-24,0.3985,512480.SH,半导体
2023-08-24,0.806,512690.SH,酒
2023-08-24,0.55231063590321,512800.SH,银行
2023-08-24,0.992,512880.SH,证券
2023-08-24,459.7,AU9999.SHG,黄金现货
2023-08-25,3.5309621347681,510300.SH,沪深300ETF
2023-08-25,2.6275245694288,510880.SH,红利
2023-08-25,0.396,512170.SH,医疗
2023-08-25,0.96618251446863,512400.SH,有色
2023-08-25,0.389,512480.SH,半导体
2023-08-25,0.802,512690.SH,酒
2023-08-25,0.55681316826111,512800.SH,银行
2023-08-25,0.998,512880.SH,证券
2023-08-25,459.0,AU9999.SHG,黄金现货
2023-08-28,3.5804179997636,510300.SH,沪深300ETF
2023-08-28,2.6641269017392,510880.SH,红利
2023-08-28,0.399,512170.SH,医疗
2023-08-28,0.97107705608195,512400.SH,有色
2023-08-28,0.391,512480.SH,半导体
2023-08-28,0.801,512690.SH,酒
2023-08-28,0.56531795160383,512800.SH,银行
2023-08-28,1.023,512880.SH,证券
2023-08-28,459.14,AU9999.SHG,黄金现货
2023-08-29,3.6009468493843,510300.SH,沪深300ETF
2023-08-29,2.6641269017392,510880.SH,红利
2023-08-29,0.408,512170.SH,医疗
2023-08-29,0.98478177259923,512400.SH,有色
2023-08-29,0.4065,512480.SH,半导体
2023-08-29,0.814,512690.SH,酒
2023-08-29,0.55831401238042,512800.SH,银行
2023-08-29,1.016,512880.SH,证券
2023-08-29,460.35,AU9999.SHG,黄金现货
2023-08-30,3.6000137198561,510300.SH,沪深300ETF
2023-08-30,2.6379823786603,510880.SH,红利
2023-08-30,0.41,512170.SH,医疗
2023-08-30,0.98576068092189,512400.SH,有色
2023-08-30,0.418,512480.SH,半导体
2023-08-30,0.811,512690.SH,酒
2023-08-30,0.55080979178391,512800.SH,银行
2023-08-30,0.987,512880.SH,证券
2023-08-30,461.96,AU9999.SHG,黄金现货
2023-08-31,3.58228425882,510300.SH,沪深300ETF
2023-08-31,2.6092234032736,510880.SH,红利
2023-08-31,0.408,512170.SH,医疗
2023-08-31,0.97597159769526,512400.SH,有色
2023-08-31,0.422,512480.SH,半导体
2023-08-31,0.807,512690.SH,酒
2023-08-31,0.5488086662915,512800.SH,银行
2023-08-31,0.968,512880.SH,证券
2023-08-31,464.16,AU9999.SHG,黄金现货
2023-09-01,3.603746237969,510300.SH,沪深300ETF
2023-09-01,2.6336249581472,510880.SH,红利
2023-09-01,0.406,512170.SH,医疗
2023-09-01,0.99750758079385,512400.SH,有色
2023-09-01,0.419,512480.SH,半导体
2023-09-01,0.821,512690.SH,酒
2023-09-01,0.55431176139561,512800.SH,银行
2023-09-01,0.969,512880.SH,证券
2023-09-01,463.79,AU9999.SHG,黄金现货
2023-09-04,3.6578677506055,510300.SH,沪深300ETF
2023-09-04,2.6737132268682,510880.SH,红利
2023-09-04,0.411,512170.SH,医疗
2023-09-04,1.0278537387964,512400.SH,有色
2023-09-04,0.425,512480.SH,半导体
2023-09-04,0.847,512690.SH,酒
2023-09-04,0.56431738885763,512800.SH,银行
2023-09-04,0.976,512880.SH,证券
2023-09-04,465.5,AU9999.SHG,黄金现货
2023-09-05,3.6326732533437,510300.SH,沪深300ETF
2023-09-05,2.652797608405,510880.SH,红利
2023-09-05,0.408,512170.SH,医疗
2023-09-05,1.0229591971831,512400.SH,有色
2023-09-05,0.424,512480.SH,半导体
2023-09-05,0.836,512690.SH,酒
2023-09-05,0.55931457512662,512800.SH,银行
2023-09-05,0.967,512880.SH,证券
2023-09-05,465.85,AU9999.SHG,黄金现货
2023-09-06,3.6233419580615,510300.SH,沪深300ETF
2023-09-06,2.6501831560972,510880.SH,红利
2023-09-06,0.401,512170.SH,医疗
2023-09-06,1.0200224722151,512400.SH,有色
2023-09-06,0.4355,512480.SH,半导体
2023-09-06,0.836,512690.SH,酒
2023-09-06,0.56081541924592,512800.SH,银行
2023-09-06,0.964,512880.SH,证券
2023-09-06,464.13,AU9999.SHG,黄金现货
2023-09-07,3.5738860930661,510300.SH,沪深300ETF
2023-09-07,2.6432112832761,510880.SH,红利
2023-09-07,0.394,512170.SH,医疗
2023-09-07,1.0033810307298,512400.SH,有色
2023-09-07,0.419,512480.SH,半导体
2023-09-07,0.822,512690.SH,酒
2023-09-07,0.55881429375352,512800.SH,银行
2023-09-07,0.959,512880.SH,证券
2023-09-07,464.38,AU9999.SHG,黄金现货
2023-09-08,3.5542903729735,510300.SH,沪深300ETF
2023-09-08,2.6266530853262,510880.SH,红利
2023-09-08,0.395,512170.SH,医疗
2023-09-08,0.9935919475032,512400.SH,有色
2023-09-08,0.423,512480.SH,半导体
2023-09-08,0.818,512690.SH,酒
2023-09-08,0.55631288688801,512800.SH,银行
2023-09-08,0.964,512880.SH,证券
2023-09-08,467.68,AU9999.SHG,黄金现货
2023-09-11,3.5804179997636,510300.SH,沪深300ETF
2023-09-11,2.6449542514814,510880.SH,红利
2023-09-11,0.403,512170.SH,医疗
2023-09-11,1.0092544806658,512400.SH,有色
2023-09-11,0.424,512480.SH,半导体
2023-09-11,0.825,512690.SH,酒
2023-09-11,0.55731344963421,512800.SH,银行
2023-09-11,0.979,512880.SH,证券
2023-09-11,468.09,AU9999.SHG,黄金现货
2023-09-12,3.5757523521225,510300.SH,沪深300ETF
2023-09-12,2.6405968309682,510880.SH,红利
2023-09-12,0.403,512170.SH,医疗
2023-09-12,1.0063177556978,512400.SH,有色
2023-09-12,0.4195,512480.SH,半导体
2023-09-12,0.818,512690.SH,酒
2023-09-12,0.55631288688801,512800.SH,银行
2023-09-12,0.968,512880.SH,证券
2023-09-12,469.4,AU9999.SHG,黄金现货
2023-09-13,3.5524241139171,510300.SH,沪深300ETF
2023-09-13,2.6536690925077,510880.SH,红利
2023-09-13,0.398,512170.SH,医疗
2023-09-13,1.0004443057618,512400.SH,有色
2023-09-13,0.415,512480.SH,半导体
2023-09-13,0.821,512690.SH,酒
2023-09-13,0.55631288688801,512800.SH,银行
2023-09-13,0.957,512880.SH,证券
2023-09-13,470.21,AU9999.SHG,黄金现货
2023-09-14,3.5496247253325,510300.SH,沪深300ETF
2023-09-14,2.6867854884076,510880.SH,红利
2023-09-14,0.399,512170.SH,医疗
2023-09-14,1.0063177556978,512400.SH,有色
2023-09-14,0.409,512480.SH,半导体
2023-09-14,0.815,512690.SH,酒
2023-09-14,0.56231626336522,512800.SH,银行
2023-09-14,0.961,512880.SH,证券
2023-09-14,474.7,AU9999.SHG,黄金现货
2023-09-15,3.5337615233528,510300.SH,沪深300ETF
2023-09-15,2.6885284566129,510880.SH,红利
2023-09-15,0.407,512170.SH,医疗
2023-09-15,1.0063177556978,512400.SH,有色
2023-09-15,0.4145,512480.SH,半导体
2023-09-15,0.803,512690.SH,酒
2023-09-15,0.55931457512662,512800.SH,银行
2023-09-15,0.957,512880.SH,证券
2023-09-15,469.6,AU9999.SHG,黄金现货
2023-09-18,3.5458922072196,510300.SH,沪深300ETF
2023-09-18,2.6902714248181,510880.SH,红利
2023-09-18,0.412,512170.SH,医疗
2023-09-18,1.0072966640205,512400.SH,有色
2023-09-18,0.4075,512480.SH,半导体
2023-09-18,0.812,512690.SH,酒
2023-09-18,0.55981485649972,512800.SH,银行
2023-09-18,0.955,512880.SH,证券
2023-09-18,469.18,AU9999.SHG,黄金现货
2023-09-19,3.5412265595785,510300.SH,沪深300ETF
2023-09-19,2.7085725909734,510880.SH,红利
2023-09-19,0.41,512170.SH,医疗
2023-09-19,1.0004443057618,512400.SH,有色
2023-09-19,0.4055,512480.SH,半导体
2023-09-19,0.806,512690.SH,酒
2023-09-19,0.56331682611142,512800.SH,银行
2023-09-19,0.956,512880.SH,证券
2023-09-19,471.26,AU9999.SHG,黄金现货
2023-09-20,3.5244302280706,510300.SH,沪深300ETF
2023-09-20,2.7155444637944,510880.SH,红利
2023-09-20,0.406,512170.SH,医疗
2023-09-20,0.99261303918054,512400.SH,有色
2023-09-20,0.4,512480.SH,半导体
2023-09-20,0.8,512690.SH,酒
2023-09-20,0.56531795160383,512800.SH,银行
2023-09-20,0.952,512880.SH,证券
2023-09-20,472.0,AU9999.SHG,黄金现货
2023-09-21,3.4917706945831,510300.SH,沪深300ETF
2023-09-21,2.6989862658444,510880.SH,红利
2023-09-21,0.401,512170.SH,医疗
2023-09-21,0.98282395595391,512400.SH,有色
2023-09-21,0.399,512480.SH,半导体
2023-09-21,0.786,512690.SH,酒
2023-09-21,0.56181598199212,512800.SH,银行
2023-09-21,0.945,512880.SH,证券
2023-09-21,472.83,AU9999.SHG,黄金现货
2023-09-22,3.5617554091993,510300.SH,沪深300ETF
2023-09-22,2.7111870432812,510880.SH,红利
2023-09-22,0.407,512170.SH,医疗
2023-09-22,0.98869740588988,512400.SH,有色
2023-09-22,0.4075,512480.SH,半导体
2023-09-22,0.801,512690.SH,酒
2023-09-22,0.56781935846933,512800.SH,银行
2023-09-22,0.974,512880.SH,证券
2023-09-22,471.72,AU9999.SHG,黄金现货
2023-09-25,3.5356277824092,510300.SH,沪深300ETF
2023-09-25,2.7059581386655,510880.SH,红利
2023-09-25,0.411,512170.SH,医疗
2023-09-25,0.97890832266325,512400.SH,有色
2023-09-25,0.4035,512480.SH,半导体
2023-09-25,0.795,512690.SH,酒
2023-09-25,0.56781935846933,512800.SH,银行
2023-09-25,0.95,512880.SH,证券
2023-09-25,475.73,AU9999.SHG,黄金现货
2023-09-26,3.5160320623167,510300.SH,沪深300ETF
2023-09-26,2.6946288453313,510880.SH,红利
2023-09-26,0.409,512170.SH,医疗
2023-09-26,0.97107705608195,512400.SH,有色
2023-09-26,0.4,512480.SH,半导体
2023-09-26,0.786,512690.SH,酒
2023-09-26,0.56631851435003,512800.SH,银行
2023-09-26,0.952,512880.SH,证券
2023-09-26,474.04,AU9999.SHG,黄金现货
2023-09-27,3.5253633575988,510300.SH,沪深300ETF
2023-09-27,2.6850425202023,510880.SH,红利
2023-09-27,0.419,512170.SH,医疗
2023-09-27,0.97205596440461,512400.SH,有色
2023-09-27,0.4,512480.SH,半导体
2023-09-27,0.788,512690.SH,酒
2023-09-27,0.56381710748452,512800.SH,银行
2023-09-27,0.953,512880.SH,证券
2023-09-27,462.68,AU9999.SHG,黄金现货
2023-09-28,3.5122995442038,510300.SH,沪深300ETF
2023-09-28,2.6815565837918,510880.SH,红利
2023-09-28,0.417,512170.SH,医疗
2023-09-28,0.96911923943662,512400.SH,有色
2023-09-28,0.405,512480.SH,半导体
2023-09-28,0.778,512690.SH,酒
2023-09-28,0.56231626336522,512800.SH,银行
2023-09-28,0.947,512880.SH,证券
2023-09-28,447.1,AU9999.SHG,黄金现货
2023-10-09,3.5029682489217,510300.SH,沪深300ETF
2023-10-09,2.6771991632787,510880.SH,红利
2023-10-09,0.415,512170.SH,医疗
2023-10-09,0.96520360614597,512400.SH,有色
2023-10-09,0.4075,512480.SH,半导体
2023-10-09,0.774,512690.SH,酒
2023-10-09,0.55881429375352,512800.SH,银行
2023-10-09,0.935,512880.SH,证券
2023-10-09,438.0,AU9999.SHG,黄金现货
2023-10-10,3.4777737516598,510300.SH,沪深300ETF
2023-10-10,2.6519261243024,510880.SH,红利
2023-10-10,0.409,512170.SH,医疗
2023-10-10,0.96911923943662,512400.SH,有色
2023-10-10,0.411,512480.SH,半导体
2023-10-10,0.767,512690.SH,酒
2023-10-10,0.55881429375352,512800.SH,银行
2023-10-10,0.932,512880.SH,证券
2023-10-10,449.88,AU9999.SHG,黄金现货
2023-10-11,3.4852387878856,510300.SH,沪深300ETF
2023-10-11,2.6440827673787,510880.SH,红利
2023-10-11,0.422,512170.SH,医疗
2023-10-11,0.95933015620999,512400.SH,有色
2023-10-11,0.4175,512480.SH,半导体
2023-10-11,0.766,512690.SH,酒
2023-10-11,0.55681316826111,512800.SH,银行
2023-10-11,0.93,512880.SH,证券
2023-10-11,450.42,AU9999.SHG,黄金现货
2023-10-12,3.5188314509013,510300.SH,沪深300ETF
2023-10-12,2.6667413540471,510880.SH,红利
2023-10-12,0.423,512170.SH,医疗
2023-10-12,0.98576068092189,512400.SH,有色
2023-10-12,0.42,512480.SH,半导体
2023-10-12,0.768,512690.SH,酒
2023-10-12,0.56531795160383,512800.SH,银行
2023-10-12,0.941,512880.SH,证券
2023-10-12,451.05,AU9999.SHG,黄金现货
2023-10-13,3.4861719174138,510300.SH,沪深300ETF
2023-10-13,2.6632554176366,510880.SH,红利
2023-10-13,0.424,512170.SH,医疗
2023-10-13,0.97009814775928,512400.SH,有色
2023-10-13,0.4195,512480.SH,半导体
2023-10-13,0.751,512690.SH,酒
2023-10-13,0.56531795160383,512800.SH,银行
2023-10-13,0.931,512880.SH,证券
2023-10-13,453.99,AU9999.SHG,黄金现货
2023-10-16,3.4460473477005,510300.SH,沪深300ETF
2023-10-16,2.6798136155866,510880.SH,红利
2023-10-16,0.417,512170.SH,医疗
2023-10-16,0.956393431242,512400.SH,有色
2023-10-16,0.4075,512480.SH,半导体
2023-10-16,0.741,512690.SH,酒
2023-10-16,0.56481767023073,512800.SH,银行
2023-10-16,0.929,512880.SH,证券
2023-10-16,460.24,AU9999.SHG,黄金现货
2023-10-17,3.4572449020391,510300.SH,沪深300ETF
2023-10-17,2.6763276791761,510880.SH,红利
2023-10-17,0.415,512170.SH,医疗
2023-10-17,0.95737233956466,512400.SH,有色
2023-10-17,0.412,512480.SH,半导体
2023-10-17,0.74,512690.SH,酒
2023-10-17,0.56631851435003,512800.SH,银行
2023-10-17,0.942,512880.SH,证券
2023-10-17,462.61,AU9999.SHG,黄金现货
2023-10-18,3.4311172752491,510300.SH,沪深300ETF
2023-10-18,2.6562835448156,510880.SH,红利
2023-10-18,0.407,512170.SH,医疗
2023-10-18,0.94170980640205,512400.SH,有色
2023-10-18,0.406,512480.SH,半导体
2023-10-18,0.738,512690.SH,酒
2023-10-18,0.56531795160383,512800.SH,银行
2023-10-18,0.941,512880.SH,证券
2023-10-18,466.0,AU9999.SHG,黄金现货
2023-10-19,3.3592663015765,510300.SH,沪深300ETF
2023-10-19,2.6170667601972,510880.SH,红利
2023-10-19,0.403,512170.SH,医疗
2023-10-19,0.92506836491677,512400.SH,有色
2023-10-19,0.411,512480.SH,半导体
2023-10-19,0.714,512690.SH,酒
2023-10-19,0.55131007315701,512800.SH,银行
2023-10-19,0.935,512880.SH,证券
2023-10-19,468.95,AU9999.SHG,黄金现货
2023-10-20,3.3424699700686,510300.SH,沪深300ETF
2023-10-20,2.5970226258367,510880.SH,红利
2023-10-20,0.397,512170.SH,医疗
2023-10-20,0.92996290653009,512400.SH,有色
2023-10-20,0.403,512480.SH,半导体
2023-10-20,0.711,512690.SH,酒
2023-10-20,0.55181035453011,512800.SH,银行
2023-10-20,0.938,512880.SH,证券
2023-10-20,474.84,AU9999.SHG,黄金现货
2023-10-23,3.3070110479964,510300.SH,沪深300ETF
2023-10-23,2.5708781027578,510880.SH,红利
2023-10-23,0.393,512170.SH,医疗
2023-10-23,0.90451129014084,512400.SH,有色
2023-10-23,0.3925,512480.SH,半导体
2023-10-23,0.712,512690.SH,酒
2023-10-23,0.546307259426,512800.SH,银行
2023-10-23,0.914,512880.SH,证券
2023-10-23,472.47,AU9999.SHG,黄金现货
2023-10-24,3.3116766956375,510300.SH,沪深300ETF
2023-10-24,2.5891792689131,510880.SH,红利
2023-10-24,0.395,512170.SH,医疗
2023-10-24,0.92017382330346,512400.SH,有色
2023-10-24,0.4,512480.SH,半导体
2023-10-24,0.716,512690.SH,酒
2023-10-24,0.5443061339336,512800.SH,银行
2023-10-24,0.945,512880.SH,证券
2023-10-24,473.31,AU9999.SHG,黄金现货
2023-10-25,3.3303392862018,510300.SH,沪深300ETF
2023-10-25,2.6092234032736,510880.SH,红利
2023-10-25,0.389,512170.SH,医疗
2023-10-25,0.92604727323944,512400.SH,有色
2023-10-25,0.4025,512480.SH,半导体
2023-10-25,0.735,512690.SH,酒
2023-10-25,0.5453066966798,512800.SH,银行
2023-10-25,0.944,512880.SH,证券
2023-10-25,471.0,AU9999.SHG,黄金现货
2023-10-26,3.3424699700686,510300.SH,沪深300ETF
2023-10-26,2.6179382442999,510880.SH,红利
2023-10-26,0.392,512170.SH,医疗
2023-10-26,0.92800508988476,512400.SH,有色
2023-10-26,0.4005,512480.SH,半导体
2023-10-26,0.742,512690.SH,酒
2023-10-26,0.55080979178391,512800.SH,银行
2023-10-26,0.943,512880.SH,证券
2023-10-26,474.17,AU9999.SHG,黄金现货
2023-10-27,3.3928589645922,510300.SH,沪深300ETF
2023-10-27,2.6275245694288,510880.SH,红利
2023-10-27,0.407,512170.SH,医疗
2023-10-27,0.9456254396927,512400.SH,有色
2023-10-27,0.4085,512480.SH,半导体
2023-10-27,0.751,512690.SH,酒
2023-10-27,0.5498092290377,512800.SH,银行
2023-10-27,0.947,512880.SH,证券
2023-10-27,475.8,AU9999.SHG,黄金现货
2023-10-30,3.4077890370437,510300.SH,沪深300ETF
2023-10-30,2.591793721221,510880.SH,红利
2023-10-30,0.42,512170.SH,医疗
2023-10-30,0.95149888962868,512400.SH,有色
2023-10-30,0.427,512480.SH,半导体
2023-10-30,0.76,512690.SH,酒
2023-10-30,0.54080416432189,512800.SH,银行
2023-10-30,0.943,512880.SH,证券
2023-10-30,476.9,AU9999.SHG,黄金现货
2023-10-31,3.4003240008179,510300.SH,沪深300ETF
2023-10-31,2.598765594042,510880.SH,红利
2023-10-31,0.417,512170.SH,医疗
2023-10-31,0.94758325633803,512400.SH,有色
2023-10-31,0.427,512480.SH,半导体
2023-10-31,0.761,512690.SH,酒
2023-10-31,0.54130444569499,512800.SH,银行
2023-10-31,0.945,512880.SH,证券
2023-10-31,476.86,AU9999.SHG,黄金现货
2023-11-01,3.3984577417615,510300.SH,沪深300ETF
2023-11-01,2.5961511417341,510880.SH,红利
2023-11-01,0.414,512170.SH,医疗
2023-11-01,0.94268871472471,512400.SH,有色
2023-11-01,0.4245,512480.SH,半导体
2023-11-01,0.775,512690.SH,酒
2023-11-01,0.54130444569499,512800.SH,银行
2023-11-01,0.942,512880.SH,证券
2023-11-01,475.4,AU9999.SHG,黄金现货
2023-11-02,3.3825945397818,510300.SH,沪深300ETF
2023-11-02,2.6039944986578,510880.SH,红利
2023-11-02,0.41,512170.SH,医疗
2023-11-02,0.93094181485275,512400.SH,有色
2023-11-02,0.419,512480.SH,半导体
2023-11-02,0.762,512690.SH,酒
2023-11-02,0.5453066966798,512800.SH,银行
2023-11-02,0.935,512880.SH,证券
2023-11-02,476.32,AU9999.SHG,黄金现货
2023-11-03,3.4087221665719,510300.SH,沪深300ETF
2023-11-03,2.591793721221,510880.SH,红利
2023-11-03,0.415,512170.SH,医疗
2023-11-03,0.93485744814341,512400.SH,有色
2023-11-03,0.43,512480.SH,半导体
2023-11-03,0.771,512690.SH,酒
2023-11-03,0.54330557118739,512800.SH,银行
2023-11-03,0.946,512880.SH,证券
2023-11-03,476.99,AU9999.SHG,黄金现货
2023-11-06,3.4535123839262,510300.SH,沪深300ETF
2023-11-06,2.575235523271,510880.SH,红利
2023-11-06,0.425,512170.SH,医疗
2023-11-06,0.94268871472471,512400.SH,有色
2023-11-06,0.439,512480.SH,半导体
2023-11-06,0.773,512690.SH,酒
2023-11-06,0.5438058525605,512800.SH,银行
2023-11-06,0.984,512880.SH,证券
2023-11-06,474.63,AU9999.SHG,黄金现货
2023-11-07,3.4432479591159,510300.SH,沪深300ETF
2023-11-07,2.5769784914763,510880.SH,红利
2023-11-07,0.424,512170.SH,医疗
2023-11-07,0.93387853982074,512400.SH,有色
2023-11-07,0.44,512480.SH,半导体
2023-11-07,0.767,512690.SH,酒
2023-11-07,0.54330557118739,512800.SH,银行
2023-11-07,0.987,512880.SH,证券
2023-11-07,471.44,AU9999.SHG,黄金现货
2023-11-08,3.4329835343055,510300.SH,沪深300ETF
2023-11-08,2.5761070073736,510880.SH,红利
2023-11-08,0.427,512170.SH,医疗
2023-11-08,0.92604727323944,512400.SH,有色
2023-11-08,0.441,512480.SH,半导体
2023-11-08,0.764,512690.SH,酒
2023-11-08,0.54030388294879,512800.SH,银行
2023-11-08,0.979,512880.SH,证券
2023-11-08,470.5,AU9999.SHG,黄金现货
2023-11-09,3.4357829228901,510300.SH,沪深300ETF
2023-11-09,2.5978941099394,510880.SH,红利
2023-11-09,0.422,512170.SH,医疗
2023-11-09,0.92898399820743,512400.SH,有色
2023-11-09,0.4355,512480.SH,半导体
2023-11-09,0.765,512690.SH,酒
2023-11-09,0.54330557118739,512800.SH,银行
2023-11-09,0.975,512880.SH,证券
2023-11-09,467.73,AU9999.SHG,黄金现货
2023-11-10,3.4105884256283,510300.SH,沪深300ETF
2023-11-10,2.5909222371183,510880.SH,红利
2023-11-10,0.421,512170.SH,医疗
2023-11-10,0.92311054827145,512400.SH,有色
2023-11-10,0.4345,512480.SH,半导体
2023-11-10,0.754,512690.SH,酒
2023-11-10,0.53880303882949,512800.SH,银行
2023-11-10,0.975,512880.SH,证券
2023-11-10,469.46,AU9999.SHG,黄金现货
2023-11-13,3.4059227779872,510300.SH,沪深300ETF
2023-11-13,2.5952796576315,510880.SH,红利
2023-11-13,0.417,512170.SH,医疗
2023-11-13,0.92800508988476,512400.SH,有色
2023-11-13,0.436,512480.SH,半导体
2023-11-13,0.747,512690.SH,酒
2023-11-13,0.53630163196398,512800.SH,银行
2023-11-13,0.97,512880.SH,证券
2023-11-13,468.94,AU9999.SHG,黄金现货
2023-11-14,3.4059227779872,510300.SH,沪深300ETF
2023-11-14,2.5865648166052,510880.SH,红利
2023-11-14,0.42,512170.SH,医疗
2023-11-14,0.92604727323944,512400.SH,有色
2023-11-14,0.4405,512480.SH,半导体
2023-11-14,0.75,512690.SH,酒
2023-11-14,0.53730219471019,512800.SH,银行
2023-11-14,0.983,512880.SH,证券
2023-11-14,470.78,AU9999.SHG,黄金现货
2023-11-15,3.4292510161926,510300.SH,沪深300ETF
2023-11-15,2.5944081735289,510880.SH,红利
2023-11-15,0.422,512170.SH,医疗
2023-11-15,0.94366762304738,512400.SH,有色
2023-11-15,0.439,512480.SH,半导体
2023-11-15,0.755,512690.SH,酒
2023-11-15,0.54030388294879,512800.SH,银行
2023-11-15,0.984,512880.SH,证券
2023-11-15,471.55,AU9999.SHG,黄金现货
2023-11-16,3.3956583531769,510300.SH,沪深300ETF
2023-11-16,2.5961511417341,510880.SH,红利
2023-11-16,0.415,512170.SH,医疗
2023-11-16,0.93094181485275,512400.SH,有色
2023-11-16,0.4325,512480.SH,半导体
2023-11-16,0.746,512690.SH,酒
2023-11-16,0.53880303882949,512800.SH,银行
2023-11-16,0.975,512880.SH,证券
2023-11-16,470.88,AU9999.SHG,黄金现货
2023-11-17,3.3909927055358,510300.SH,沪深300ETF
2023-11-17,2.5874363007078,510880.SH,红利
2023-11-17,0.417,512170.SH,医疗
2023-11-17,0.93289963149808,512400.SH,有色
2023-11-17,0.434,512480.SH,半导体
2023-11-17,0.743,512690.SH,酒
2023-11-17,0.53630163196398,512800.SH,银行
2023-11-17,0.979,512880.SH,证券
2023-11-17,471.65,AU9999.SHG,黄金现货
2023-11-20,3.4012571303462,510300.SH,沪深300ETF
2023-11-20,2.5909222371183,510880.SH,红利
2023-11-20,0.421,512170.SH,医疗
2023-11-20,0.93485744814341,512400.SH,有色
2023-11-20,0.4325,512480.SH,半导体
2023-11-20,0.745,512690.SH,酒
2023-11-20,0.53930332020259,512800.SH,银行
2023-11-20,0.975,512880.SH,证券
2023-11-20,466.35,AU9999.SHG,黄金现货
2023-11-21,3.4059227779872,510300.SH,沪深300ETF
2023-11-21,2.6048659827604,510880.SH,红利
2023-11-21,0.419,512170.SH,医疗
2023-11-21,0.93681526478873,512400.SH,有色
2023-11-21,0.4265,512480.SH,半导体
2023-11-21,0.757,512690.SH,酒
2023-11-21,0.54080416432189,512800.SH,银行
2023-11-21,0.973,512880.SH,证券
2023-11-21,466.79,AU9999.SHG,黄金现货
2023-11-22,3.3695307263868,510300.SH,沪深300ETF
2023-11-22,2.5978941099394,510880.SH,红利
2023-11-22,0.414,512170.SH,医疗
2023-11-22,0.91821600665813,512400.SH,有色
2023-11-22,0.4205,512480.SH,半导体
2023-11-22,0.75,512690.SH,酒
2023-11-22,0.53880303882949,512800.SH,银行
2023-11-22,0.964,512880.SH,证券
2023-11-22,465.69,AU9999.SHG,黄金现货
2023-11-23,3.3872601874229,510300.SH,沪深300ETF
2023-11-23,2.615323791992,510880.SH,红利
2023-11-23,0.415,512170.SH,医疗
2023-11-23,0.92213163994878,512400.SH,有色
2023-11-23,0.424,512480.SH,半导体
2023-11-23,0.751,512690.SH,酒
2023-11-23,0.53880303882949,512800.SH,银行
2023-11-23,0.967,512880.SH,证券
2023-11-23,465.0,AU9999.SHG,黄金现货
2023-11-24,3.3639319492175,510300.SH,沪深300ETF
2023-11-24,2.622295664813,510880.SH,红利
2023-11-24,0.413,512170.SH,医疗
2023-11-24,0.91136364839949,512400.SH,有色
2023-11-24,0.417,512480.SH,半导体
2023-11-24,0.747,512690.SH,酒
2023-11-24,0.53880303882949,512800.SH,银行
2023-11-24,0.957,512880.SH,证券
2023-11-24,465.02,AU9999.SHG,黄金现货
2023-11-27,3.3415368405404,510300.SH,沪深300ETF
2023-11-27,2.6144523078893,510880.SH,红利
2023-11-27,0.41,512170.SH,医疗
2023-11-27,0.90549019846351,512400.SH,有色
2023-11-27,0.4235,512480.SH,半导体
2023-11-27,0.735,512690.SH,酒
2023-11-27,0.53430050647158,512800.SH,银行
2023-11-27,0.946,512880.SH,证券
2023-11-27,469.83,AU9999.SHG,黄金现货
2023-11-28,3.3452693586532,510300.SH,沪深300ETF
2023-11-28,2.6092234032736,510880.SH,红利
2023-11-28,0.417,512170.SH,医疗
2023-11-28,0.9084269234315,512400.SH,有色
2023-11-28,0.4235,512480.SH,半导体
2023-11-28,0.734,512690.SH,酒
2023-11-28,0.53129881823298,512800.SH,银行
2023-11-28,0.945,512880.SH,证券
2023-11-28,471.31,AU9999.SHG,黄金现货
2023-11-29,3.3200748613914,510300.SH,沪深300ETF
2023-11-29,2.5978941099394,510880.SH,红利
2023-11-29,0.413,512170.SH,医疗
2023-11-29,0.90940583175416,512400.SH,有色
2023-11-29,0.4235,512480.SH,半导体
2023-11-29,0.735,512690.SH,酒
2023-11-29,0.52679628587507,512800.SH,银行
2023-11-29,0.936,512880.SH,证券
2023-11-29,474.22,AU9999.SHG,黄金现货
2023-11-30,3.3238073795043,510300.SH,沪深300ETF
2023-11-30,2.605737466863,510880.SH,红利
2023-11-30,0.414,512170.SH,医疗
2023-11-30,0.90353238181818,512400.SH,有色
2023-11-30,0.422,512480.SH,半导体
2023-11-30,0.739,512690.SH,酒
2023-11-30,0.52879741136747,512800.SH,银行
2023-11-30,0.938,512880.SH,证券
2023-11-30,474.04,AU9999.SHG,黄金现货
2023-12-01,3.3107435661092,510300.SH,沪深300ETF
2023-12-01,2.6161952760946,510880.SH,红利
2023-12-01,0.415,512170.SH,医疗
2023-12-01,0.90353238181818,512400.SH,有色
2023-12-01,0.4235,512480.SH,半导体
2023-12-01,0.728,512690.SH,酒
2023-12-01,0.52729656724817,512800.SH,银行
2023-12-01,0.945,512880.SH,证券
2023-12-01,474.32,AU9999.SHG,黄金现货
2023-12-04,3.2883484574321,510300.SH,沪深300ETF
2023-12-04,2.6214241807104,510880.SH,红利
2023-12-04,0.402,512170.SH,医疗
2023-12-04,0.91234255672215,512400.SH,有色
2023-12-04,0.42,512480.SH,半导体
2023-12-04,0.717,512690.SH,酒
2023-12-04,0.52579572312887,512800.SH,银行
2023-12-04,0.942,512880.SH,证券
2023-12-04,480.45,AU9999.SHG,黄金现货
2023-12-05,3.2267619085698,510300.SH,沪深300ETF
2023-12-05,2.5900507530157,510880.SH,红利
2023-12-05,0.396,512170.SH,医疗
2023-12-05,0.8976589318822,512400.SH,有色
2023-12-05,0.4075,512480.SH,半导体
2023-12-05,0.701,512690.SH,酒
2023-12-05,0.51729093978616,512800.SH,银行
2023-12-05,0.93,512880.SH,证券
2023-12-05,473.93,AU9999.SHG,黄金现货
2023-12-06,3.2314275562109,510300.SH,沪深300ETF
2023-12-06,2.5874363007078,510880.SH,红利
2023-12-06,0.397,512170.SH,医疗
2023-12-06,0.91430037336748,512400.SH,有色
2023-12-06,0.407,512480.SH,半导体
2023-12-06,0.704,512690.SH,酒
2023-12-06,0.51629037703995,512800.SH,银行
2023-12-06,0.927,512880.SH,证券
2023-12-06,473.7,AU9999.SHG,黄金现货
2023-12-07,3.223029390457,510300.SH,沪深300ETF
2023-12-07,2.5883077848104,510880.SH,红利
2023-12-07,0.396,512170.SH,医疗
2023-12-07,0.90940583175416,512400.SH,有色
2023-12-07,0.403,512480.SH,半导体
2023-12-07,0.7,512690.SH,酒
2023-12-07,0.51729093978616,512800.SH,银行
2023-12-07,0.932,512880.SH,证券
2023-12-07,474.45,AU9999.SHG,黄金现货
2023-12-08,3.2295612971545,510300.SH,沪深300ETF
2023-12-08,2.5891792689131,510880.SH,红利
2023-12-08,0.4,512170.SH,医疗
2023-12-08,0.90255347349552,512400.SH,有色
2023-12-08,0.4085,512480.SH,半导体
2023-12-08,0.704,512690.SH,酒
2023-12-08,0.51679065841306,512800.SH,银行
2023-12-08,0.925,512880.SH,证券
2023-12-08,474.1,AU9999.SHG,黄金现货
2023-12-11,3.2519564058317,510300.SH,沪深300ETF
2023-12-11,2.6118378555814,510880.SH,红利
2023-12-11,0.402,512170.SH,医疗
2023-12-11,0.89374329859155,512400.SH,有色
2023-12-11,0.416,512480.SH,半导体
2023-12-11,0.695,512690.SH,酒
2023-12-11,0.51879178390546,512800.SH,银行
2023-12-11,0.94,512880.SH,证券
2023-12-11,469.34,AU9999.SHG,黄金现货
2023-12-12,3.2594214420574,510300.SH,沪深300ETF
2023-12-12,2.622295664813,510880.SH,红利
2023-12-12,0.399,512170.SH,医疗
2023-12-12,0.89276439026889,512400.SH,有色
2023-12-12,0.416,512480.SH,半导体
2023-12-12,0.699,512690.SH,酒
2023-12-12,0.52379459763647,512800.SH,银行
2023-12-12,0.936,512880.SH,证券
2023-12-12,467.76,AU9999.SHG,黄金现货
2023-12-13,3.2052999294209,510300.SH,沪深300ETF
2023-12-13,2.6031230145552,510880.SH,红利
2023-12-13,0.394,512170.SH,医疗
2023-12-13,0.87612294878361,512400.SH,有色
2023-12-13,0.412,512480.SH,半导体
2023-12-13,0.674,512690.SH,酒
2023-12-13,0.51779122115926,512800.SH,银行
2023-12-13,0.925,512880.SH,证券
2023-12-13,466.01,AU9999.SHG,黄金现货
2023-12-14,3.1903698569694,510300.SH,沪深300ETF
2023-12-14,2.6100948873762,510880.SH,红利
2023-12-14,0.392,512170.SH,医疗
2023-12-14,0.87612294878361,512400.SH,有色
2023-12-14,0.4105,512480.SH,半导体
2023-12-14,0.662,512690.SH,酒
2023-12-14,0.51579009566685,512800.SH,银行
2023-12-14,0.921,512880.SH,证券
2023-12-14,475.03,AU9999.SHG,黄金现货
2023-12-15,3.1838379502719,510300.SH,沪深300ETF
2023-12-15,2.5952796576315,510880.SH,红利
2023-12-15,0.389,512170.SH,医疗
2023-12-15,0.88101749039693,512400.SH,有色
2023-12-15,0.407,512480.SH,半导体
2023-12-15,0.665,512690.SH,酒
2023-12-15,0.51528981429375,512800.SH,银行
2023-12-15,0.921,512880.SH,证券
2023-12-15,474.0,AU9999.SHG,黄金现货
2023-12-18,3.1707741368769,510300.SH,沪深300ETF
2023-12-18,2.5926652053236,510880.SH,红利
2023-12-18,0.39,512170.SH,医疗
2023-12-18,0.8682916822023,512400.SH,有色
2023-12-18,0.4,512480.SH,半导体
2023-12-18,0.662,512690.SH,酒
2023-12-18,0.51528981429375,512800.SH,银行
2023-12-18,0.92,512880.SH,证券
2023-12-18,473.82,AU9999.SHG,黄金现货
2023-12-19,3.1726403959333,510300.SH,沪深300ETF
2023-12-19,2.5856933325026,510880.SH,红利
2023-12-19,0.386,512170.SH,医疗
2023-12-19,0.86437604891165,512400.SH,有色
2023-12-19,0.404,512480.SH,半导体
2023-12-19,0.665,512690.SH,酒
2023-12-19,0.51428925154755,512800.SH,银行
2023-12-19,0.918,512880.SH,证券
2023-12-19,473.99,AU9999.SHG,黄金现货
2023-12-20,3.1437133805586,510300.SH,沪深300ETF
2023-12-20,2.5839503642973,510880.SH,红利
2023-12-20,0.385,512170.SH,医疗
2023-12-20,0.86437604891165,512400.SH,有色
2023-12-20,0.4,512480.SH,半导体
2023-12-20,0.655,512690.SH,酒
2023-12-20,0.51328868880135,512800.SH,银行
2023-12-20,0.893,512880.SH,证券
2023-12-20,476.6,AU9999.SHG,黄金现货
2023-12-21,3.1726403959333,510300.SH,沪深300ETF
2023-12-21,2.5665206822447,510880.SH,红利
2023-12-21,0.385,512170.SH,医疗
2023-12-21,0.87220731549296,512400.SH,有色
2023-12-21,0.4025,512480.SH,半导体
2023-12-21,0.668,512690.SH,酒
2023-12-21,0.51679065841306,512800.SH,银行
2023-12-21,0.893,512880.SH,证券
2023-12-21,475.54,AU9999.SHG,黄金现货
2023-12-22,3.1782391731026,510300.SH,沪深300ETF
2023-12-22,2.5630347458342,510880.SH,红利
2023-12-22,0.381,512170.SH,医疗
2023-12-22,0.8898276653009,512400.SH,有色
2023-12-22,0.3975,512480.SH,半导体
2023-12-22,0.666,512690.SH,酒
2023-12-22,0.51679065841306,512800.SH,银行
2023-12-22,0.89,512880.SH,证券
2023-12-22,478.66,AU9999.SHG,黄金现货
2023-12-25,3.1866373388566,510300.SH,沪深300ETF
2023-12-25,2.5612917776289,510880.SH,红利
2023-12-25,0.384,512170.SH,医疗
2023-12-25,0.89570111523688,512400.SH,有色
2023-12-25,0.395,512480.SH,半导体
2023-12-25,0.672,512690.SH,酒
2023-12-25,0.51729093978616,512800.SH,银行
2023-12-25,0.885,512880.SH,证券
2023-12-25,479.0,AU9999.SHG,黄金现货
2023-12-26,3.1679747482922,510300.SH,沪深300ETF
2023-12-26,2.5464765478842,510880.SH,红利
2023-12-26,0.378,512170.SH,医疗
2023-12-26,0.89374329859155,512400.SH,有色
2023-12-26,0.3855,512480.SH,半导体
2023-12-26,0.668,512690.SH,酒
2023-12-26,0.51528981429375,512800.SH,银行
2023-12-26,0.874,512880.SH,证券
2023-12-26,480.49,AU9999.SHG,黄金现货
2023-12-27,3.1773060435744,510300.SH,沪深300ETF
2023-12-27,2.5569343571158,510880.SH,红利
2023-12-27,0.38,512170.SH,医疗
2023-12-27,0.8976589318822,512400.SH,有色
2023-12-27,0.391,512480.SH,半导体
2023-12-27,0.667,512690.SH,酒
2023-12-27,0.51779122115926,512800.SH,银行
2023-12-27,0.882,512880.SH,证券
2023-12-27,482.17,AU9999.SHG,黄金现货
2023-12-28,3.2556889239445,510300.SH,沪深300ETF
2023-12-28,2.5412476432684,510880.SH,红利
2023-12-28,0.391,512170.SH,医疗
2023-12-28,0.92311054827145,512400.SH,有色
2023-12-28,0.3995,512480.SH,半导体
2023-12-28,0.695,512690.SH,酒
2023-12-28,0.52229375351716,512800.SH,银行
2023-12-28,0.902,512880.SH,证券
2023-12-28,482.19,AU9999.SHG,黄金现货
2023-12-29,3.2650202192267,510300.SH,沪深300ETF
2023-12-29,2.5543199048079,510880.SH,红利
2023-12-29,0.391,512170.SH,医疗
2023-12-29,0.92506836491677,512400.SH,有色
2023-12-29,0.402,512480.SH,半导体
2023-12-29,0.692,512690.SH,酒
2023-12-29,0.52129319077096,512800.SH,银行
2023-12-29,0.902,512880.SH,证券
2023-12-29,479.59,AU9999.SHG,黄金现货
2024-01-02,3.2220962609288,510300.SH,沪深300ETF
2024-01-02,2.5883077848104,510880.SH,红利
2024-01-02,0.386,512170.SH,医疗
2024-01-02,0.92506836491677,512400.SH,有色
2024-01-02,0.395,512480.SH,半导体
2024-01-02,0.673,512690.SH,酒
2024-01-02,0.52129319077096,512800.SH,银行
2024-01-02,0.891,512880.SH,证券
2024-01-02,483.66,AU9999.SHG,黄金现货
2024-01-03,3.2127649656466,510300.SH,沪深300ETF
2024-01-03,2.6231671489156,510880.SH,红利
2024-01-03,0.384,512170.SH,医疗
2024-01-03,0.9270261815621,512400.SH,有色
2024-01-03,0.388,512480.SH,半导体
2024-01-03,0.669,512690.SH,酒
2024-01-03,0.52329431626337,512800.SH,银行
2024-01-03,0.892,512880.SH,证券
2024-01-03,481.49,AU9999.SHG,黄金现货
2024-01-04,3.1847710798001,510300.SH,沪深300ETF
2024-01-04,2.6440827673787,510880.SH,红利
2024-01-04,0.38,512170.SH,医疗
2024-01-04,0.9162581900128,512400.SH,有色
2024-01-04,0.382,512480.SH,半导体
2024-01-04,0.656,512690.SH,酒
2024-01-04,0.52429487900957,512800.SH,银行
2024-01-04,0.884,512880.SH,证券
2024-01-04,480.4,AU9999.SHG,黄金现货
2024-01-05,3.1689078778205,510300.SH,沪深300ETF
2024-01-05,2.652797608405,510880.SH,红利
2024-01-05,0.373,512170.SH,医疗
2024-01-05,0.91136364839949,512400.SH,有色
2024-01-05,0.3745,512480.SH,半导体
2024-01-05,0.648,512690.SH,酒
2024-01-05,0.52929769274057,512800.SH,银行
2024-01-05,0.877,512880.SH,证券
2024-01-05,480.0,AU9999.SHG,黄金现货
2024-01-08,3.1250507899943,510300.SH,沪深300ETF
2024-01-08,2.6275245694288,510880.SH,红利
2024-01-08,0.368,512170.SH,医疗
2024-01-08,0.89961674852753,512400.SH,有色
2024-01-08,0.362,512480.SH,半导体
2024-01-08,0.637,512690.SH,酒
2024-01-08,0.52529544175577,512800.SH,银行
2024-01-08,0.86,512880.SH,证券
2024-01-08,479.0,AU9999.SHG,黄金现货
2024-01-09,3.13251582622,510300.SH,沪深300ETF
2024-01-09,2.6475687037893,510880.SH,红利
2024-01-09,0.368,512170.SH,医疗
2024-01-09,0.91038474007682,512400.SH,有色
2024-01-09,0.3625,512480.SH,半导体
2024-01-09,0.638,512690.SH,酒
2024-01-09,0.52829712999437,512800.SH,银行
2024-01-09,0.858,512880.SH,证券
2024-01-09,478.66,AU9999.SHG,黄金现货
2024-01-10,3.1175857537686,510300.SH,沪深300ETF
2024-01-10,2.6344964422498,510880.SH,红利
2024-01-10,0.37,512170.SH,医疗
2024-01-10,0.90549019846351,512400.SH,有色
2024-01-10,0.3585,512480.SH,半导体
2024-01-10,0.643,512690.SH,酒
2024-01-10,0.52479516038267,512800.SH,银行
2024-01-10,0.854,512880.SH,证券
2024-01-10,478.08,AU9999.SHG,黄金现货
2024-01-11,3.1353152148047,510300.SH,沪深300ETF
2024-01-11,2.6100948873762,510880.SH,红利
2024-01-11,0.375,512170.SH,医疗
2024-01-11,0.92115273162612,512400.SH,有色
2024-01-11,0.3635,512480.SH,半导体
2024-01-11,0.648,512690.SH,酒
2024-01-11,0.52429487900957,512800.SH,银行
2024-01-11,0.862,512880.SH,证券
2024-01-11,478.2,AU9999.SHG,黄金现货
2024-01-12,3.1250507899943,510300.SH,沪深300ETF
2024-01-12,2.6231671489156,510880.SH,红利
2024-01-12,0.37,512170.SH,医疗
2024-01-12,0.9162581900128,512400.SH,有色
2024-01-12,0.3565,512480.SH,半导体
2024-01-12,0.643,512690.SH,酒
2024-01-12,0.52929769274057,512800.SH,银行
2024-01-12,0.853,512880.SH,证券
2024-01-12,479.18,AU9999.SHG,黄金现货
2024-01-15,3.1213182718815,510300.SH,沪深300ETF
2024-01-15,2.6353679263525,510880.SH,红利
2024-01-15,0.369,512170.SH,医疗
2024-01-15,0.90646910678617,512400.SH,有色
2024-01-15,0.3595,512480.SH,半导体
2024-01-15,0.637,512690.SH,酒
2024-01-15,0.53129881823298,512800.SH,银行
2024-01-15,0.852,512880.SH,证券
2024-01-15,483.44,AU9999.SHG,黄金现货
2024-01-16,3.1418471215022,510300.SH,沪深300ETF
2024-01-16,2.6440827673787,510880.SH,红利
2024-01-16,0.369,512170.SH,医疗
2024-01-16,0.90646910678617,512400.SH,有色
2024-01-16,0.3585,512480.SH,半导体
2024-01-16,0.639,512690.SH,酒
2024-01-16,0.53780247608329,512800.SH,银行
2024-01-16,0.863,512880.SH,证券
2024-01-16,482.7,AU9999.SHG,黄金现货
2024-01-17,3.071862406886,510300.SH,沪深300ETF
2024-01-17,2.6118378555814,510880.SH,红利
2024-01-17,0.359,512170.SH,医疗
2024-01-17,0.87710185710627,512400.SH,有色
2024-01-17,0.348,512480.SH,半导体
2024-01-17,0.619,512690.SH,酒
2024-01-17,0.53329994372538,512800.SH,银行
2024-01-17,0.847,512880.SH,证券
2024-01-17,477.3,AU9999.SHG,黄金现货
2024-01-18,3.1148797734513,510300.SH,沪深300ETF
2024-01-18,2.5900507530157,510880.SH,红利
2024-01-18,0.362,512170.SH,医疗
2024-01-18,0.87710185710627,512400.SH,有色
2024-01-18,0.3555,512480.SH,半导体
2024-01-18,0.631,512690.SH,酒
2024-01-18,0.53580135059088,512800.SH,银行
2024-01-18,0.855,512880.SH,证券
2024-01-18,476.0,AU9999.SHG,黄金现货
2024-01-19,3.1215517925499,510300.SH,沪深300ETF
2024-01-19,2.5708781027578,510880.SH,红利
2024-01-19,0.361,512170.SH,医疗
2024-01-19,0.87220731549296,512400.SH,有色
2024-01-19,0.3535,512480.SH,半导体
2024-01-19,0.633,512690.SH,酒
2024-01-19,0.53630163196398,512800.SH,银行
2024-01-19,0.846,512880.SH,证券
2024-01-19,479.51,AU9999.SHG,黄金现货
2024-01-22,3.0557847471496,510300.SH,沪深300ETF
2024-01-22,2.5107456996764,510880.SH,红利
2024-01-22,0.347,512170.SH,医疗
2024-01-22,0.83207207426376,512400.SH,有色
2024-01-22,0.3385,512480.SH,半导体
2024-01-22,0.617,512690.SH,酒
2024-01-22,0.53279966235228,512800.SH,银行
2024-01-22,0.828,512880.SH,证券
2024-01-22,478.39,AU9999.SHG,黄金现货
2024-01-23,3.0767539500309,510300.SH,沪深300ETF
2024-01-23,2.5269935010258,510880.SH,红利
2024-01-23,0.351,512170.SH,医疗
2024-01-23,0.84284006581306,512400.SH,有色
2024-01-23,0.342,512480.SH,半导体
2024-01-23,0.619,512690.SH,酒
2024-01-23,0.53380022509848,512800.SH,银行
2024-01-23,0.845,512880.SH,证券
2024-01-23,478.52,AU9999.SHG,黄金现货
2024-01-24,3.125364374892,510300.SH,沪深300ETF
2024-01-24,2.5890728211377,510880.SH,红利
2024-01-24,0.356,512170.SH,医疗
2024-01-24,0.85360805736236,512400.SH,有色
2024-01-24,0.341,512480.SH,半导体
2024-01-24,0.62,512690.SH,酒
2024-01-24,0.54180472706809,512800.SH,银行
2024-01-24,0.887,512880.SH,证券
2024-01-24,478.0,AU9999.SHG,黄金现货
2024-01-25,3.1787405276806,510300.SH,沪深300ETF
2024-01-25,2.6548038659621,510880.SH,红利
2024-01-25,0.36,512170.SH,医疗
2024-01-25,0.87808076542894,512400.SH,有色
2024-01-25,0.349,512480.SH,半导体
2024-01-25,0.633,512690.SH,酒
2024-01-25,0.5493089476646,512800.SH,银行
2024-01-25,0.89,512880.SH,证券
2024-01-25,475.8,AU9999.SHG,黄金现货
2024-01-26,3.1730216541675,510300.SH,沪深300ETF
2024-01-26,2.6922340442648,510880.SH,红利
2024-01-26,0.345,512170.SH,医疗
2024-01-26,0.88101749039693,512400.SH,有色
2024-01-26,0.3375,512480.SH,半导体
2024-01-26,0.632,512690.SH,酒
2024-01-26,0.55881429375352,512800.SH,银行
2024-01-26,0.89,512880.SH,证券
2024-01-26,479.26,AU9999.SHG,黄金现货
2024-01-29,3.1444272866022,510300.SH,沪深300ETF
2024-01-29,2.7059280119366,510880.SH,红利
2024-01-29,0.337,512170.SH,医疗
2024-01-29,0.86437604891165,512400.SH,有色
2024-01-29,0.3275,512480.SH,半导体
2024-01-29,0.636,512690.SH,酒
2024-01-29,0.56381710748452,512800.SH,银行
2024-01-29,0.875,512880.SH,证券
2024-01-29,479.2,AU9999.SHG,黄金现货
2024-01-30,3.0910511338135,510300.SH,沪深300ETF
2024-01-30,2.6748883518806,510880.SH,红利
2024-01-30,0.33,512170.SH,医疗
2024-01-30,0.84871351574904,512400.SH,有色
2024-01-30,0.314,512480.SH,半导体
2024-01-30,0.612,512690.SH,酒
2024-01-30,0.55781373100732,512800.SH,银行
2024-01-30,0.864,512880.SH,证券
2024-01-30,480.15,AU9999.SHG,黄金现货
2024-01-31,3.0710350765178,510300.SH,沪深300ETF
2024-01-31,2.6785400765931,510880.SH,红利
2024-01-31,0.322,512170.SH,医疗
2024-01-31,0.82326189935979,512400.SH,有色
2024-01-31,0.3055,512480.SH,半导体
2024-01-31,0.604,512690.SH,酒
2024-01-31,0.55781373100732,512800.SH,银行
2024-01-31,0.855,512880.SH,证券
2024-01-31,480.0,AU9999.SHG,黄金现货
2024-02-01,3.0672224941758,510300.SH,沪深300ETF
2024-02-01,2.6511521412496,510880.SH,红利
2024-02-01,0.325,512170.SH,医疗
2024-02-01,0.82424080768246,512400.SH,有色
2024-02-01,0.309,512480.SH,半导体
2024-02-01,0.605,512690.SH,酒
2024-02-01,0.55481204276871,512800.SH,银行
2024-02-01,0.852,512880.SH,证券
2024-02-01,480.0,AU9999.SHG,黄金现货
2024-02-02,3.0386281266104,510300.SH,沪深300ETF
2024-02-02,2.6584555906745,510880.SH,红利
2024-02-02,0.313,512170.SH,医疗
2024-02-02,0.80368373290653,512400.SH,有色
2024-02-02,0.296,512480.SH,半导体
2024-02-02,0.602,512690.SH,酒
2024-02-02,0.55531232414181,512800.SH,银行
2024-02-02,0.833,512880.SH,证券
2024-02-02,483.55,AU9999.SHG,黄金现货
2024-02-05,3.0576910383206,510300.SH,沪深300ETF
2024-02-05,2.6639331777432,510880.SH,红利
2024-02-05,0.316,512170.SH,医疗
2024-02-05,0.7831266581306,512400.SH,有色
2024-02-05,0.289,512480.SH,半导体
2024-02-05,0.598,512690.SH,酒
2024-02-05,0.56331682611142,512800.SH,银行
2024-02-05,0.815,512880.SH,证券
2024-02-05,479.11,AU9999.SHG,黄金现货
2024-02-06,3.1558650336283,510300.SH,沪深300ETF
2024-02-06,2.7022762872241,510880.SH,红利
2024-02-06,0.339,512170.SH,医疗
2024-02-06,0.82424080768246,512400.SH,有色
2024-02-06,0.311,512480.SH,半导体
2024-02-06,0.628,512690.SH,酒
2024-02-06,0.56781935846933,512800.SH,银行
2024-02-06,0.863,512880.SH,证券
2024-02-06,478.81,AU9999.SHG,黄金现货
2024-02-07,3.1835062556081,510300.SH,沪深300ETF
2024-02-07,2.7424452590612,510880.SH,红利
2024-02-07,0.352,512170.SH,医疗
2024-02-07,0.85752369065301,512400.SH,有色
2024-02-07,0.3185,512480.SH,半导体
2024-02-07,0.64,512690.SH,酒
2024-02-07,0.56331682611142,512800.SH,银行
2024-02-07,0.873,512880.SH,证券
2024-02-07,480.08,AU9999.SHG,黄金现货
2024-02-08,3.2044754584894,510300.SH,沪深300ETF
2024-02-08,2.7433581902394,510880.SH,红利
2024-02-08,0.35,512170.SH,医疗
2024-02-08,0.86633386555698,512400.SH,有色
2024-02-08,0.332,512480.SH,半导体
2024-02-08,0.641,512690.SH,酒
2024-02-08,0.56031513787282,512800.SH,银行
2024-02-08,0.881,512880.SH,证券
2024-02-08,480.58,AU9999.SHG,黄金现货
2024-02-19,3.2302103892982,510300.SH,沪深300ETF
2024-02-19,2.8072633727075,510880.SH,红利
2024-02-19,0.346,512170.SH,医疗
2024-02-19,0.87220731549296,512400.SH,有色
2024-02-19,0.337,512480.SH,半导体
2024-02-19,0.642,512690.SH,酒
2024-02-19,0.57282217220034,512800.SH,银行
2024-02-19,0.871,512880.SH,证券
2024-02-19,479.52,AU9999.SHG,黄金现货
2024-02-20,3.2416481363243,510300.SH,沪深300ETF
2024-02-20,2.8474323445446,510880.SH,红利
2024-02-20,0.349,512170.SH,医疗
2024-02-20,0.87710185710627,512400.SH,有色
2024-02-20,0.3345,512480.SH,半导体
2024-02-20,0.634,512690.SH,酒
2024-02-20,0.57532357906584,512800.SH,银行
2024-02-20,0.882,512880.SH,证券
2024-02-20,479.66,AU9999.SHG,黄金现货
2024-02-21,3.2873991244289,510300.SH,沪深300ETF
2024-02-21,2.8410418262978,510880.SH,红利
2024-02-21,0.353,512170.SH,医疗
2024-02-21,0.88591203201024,512400.SH,有色
2024-02-21,0.336,512480.SH,半导体
2024-02-21,0.666,512690.SH,酒
2024-02-21,0.59183286437817,512800.SH,银行
2024-02-21,0.891,512880.SH,证券
2024-02-21,479.57,AU9999.SHG,黄金现货
2024-02-22,3.3121809096522,510300.SH,沪深300ETF
2024-02-22,2.8939918346285,510880.SH,红利
2024-02-22,0.351,512170.SH,医疗
2024-02-22,0.89374329859155,512400.SH,有色
2024-02-22,0.342,512480.SH,半导体
2024-02-22,0.667,512690.SH,酒
2024-02-22,0.59283342712437,512800.SH,银行
2024-02-22,0.901,512880.SH,证券
2024-02-22,479.32,AU9999.SHG,黄金现货
2024-02-23,3.3150403464087,510300.SH,沪深300ETF
2024-02-23,2.8775590734224,510880.SH,红利
2024-02-23,0.35,512170.SH,医疗
2024-02-23,0.90353238181818,512400.SH,有色
2024-02-23,0.344,512480.SH,半导体
2024-02-23,0.671,512690.SH,酒
2024-02-23,0.59533483398987,512800.SH,银行
2024-02-23,0.902,512880.SH,证券
2024-02-23,477.81,AU9999.SHG,黄金现货
2024-02-26,3.2816802509158,510300.SH,沪深300ETF
2024-02-26,2.8145668221324,510880.SH,红利
2024-02-26,0.353,512170.SH,医疗
2024-02-26,0.89472220691421,512400.SH,有色
2024-02-26,0.3465,512480.SH,半导体
2024-02-26,0.661,512690.SH,酒
2024-02-26,0.57982611142375,512800.SH,银行
2024-02-26,0.895,512880.SH,证券
2024-02-26,480.57,AU9999.SHG,黄金现货
2024-02-27,3.3207592199218,510300.SH,沪深300ETF
2024-02-27,2.8300866521604,510880.SH,红利
2024-02-27,0.356,512170.SH,医疗
2024-02-27,0.90255347349552,512400.SH,有色
2024-02-27,0.363,512480.SH,半导体
2024-02-27,0.665,512690.SH,酒
2024-02-27,0.58132695554305,512800.SH,银行
2024-02-27,0.909,512880.SH,证券
2024-02-27,481.3,AU9999.SHG,黄金现货
2024-02-28,3.2864459788434,510300.SH,沪深300ETF
2024-02-28,2.8246090650917,510880.SH,红利
2024-02-28,0.351,512170.SH,医疗
2024-02-28,0.89276439026889,512400.SH,有色
2024-02-28,0.3445,512480.SH,半导体
2024-02-28,0.655,512690.SH,酒
2024-02-28,0.58032639279685,512800.SH,银行
2024-02-28,0.895,512880.SH,证券
2024-02-28,480.1,AU9999.SHG,黄金现货
2024-02-29,3.3388689860465,510300.SH,沪深300ETF
2024-02-29,2.8410418262978,510880.SH,红利
2024-02-29,0.358,512170.SH,医疗
2024-02-29,0.91527928169014,512400.SH,有色
2024-02-29,0.368,512480.SH,半导体
2024-02-29,0.671,512690.SH,酒
2024-02-29,0.58132695554305,512800.SH,银行
2024-02-29,0.913,512880.SH,证券
2024-02-29,480.96,AU9999.SHG,黄金现货
2024-03-01,3.3646039168553,510300.SH,沪深300ETF
2024-03-01,2.8364771704072,510880.SH,红利
2024-03-01,0.356,512170.SH,医疗
2024-03-01,0.92506836491677,512400.SH,有色
2024-03-01,0.3725,512480.SH,半导体
2024-03-01,0.672,512690.SH,酒
2024-03-01,0.58182723691615,512800.SH,银行
2024-03-01,0.92,512880.SH,证券
2024-03-01,483.4,AU9999.SHG,黄金现货
2024-03-04,3.3617444800988,510300.SH,沪深300ETF
2024-03-04,2.8611263122164,510880.SH,红利
2024-03-04,0.363,512170.SH,医疗
2024-03-04,0.92996290653009,512400.SH,有色
2024-03-04,0.3745,512480.SH,半导体
2024-03-04,0.665,512690.SH,酒
2024-03-04,0.57632414181204,512800.SH,银行
2024-03-04,0.908,512880.SH,证券
2024-03-04,489.0,AU9999.SHG,黄金现货
2024-03-05,3.3893857020786,510300.SH,沪深300ETF
2024-03-05,2.8802978669568,510880.SH,红利
2024-03-05,0.359,512170.SH,医疗
2024-03-05,0.92898399820743,512400.SH,有色
2024-03-05,0.3725,512480.SH,半导体
2024-03-05,0.673,512690.SH,酒
2024-03-05,0.58833089476646,512800.SH,银行
2024-03-05,0.901,512880.SH,证券
2024-03-05,496.52,AU9999.SHG,黄金现货
2024-03-06,3.3760416638815,510300.SH,沪深300ETF
2024-03-06,2.8784720046006,510880.SH,红利
2024-03-06,0.359,512170.SH,医疗
2024-03-06,0.93387853982074,512400.SH,有色
2024-03-06,0.367,512480.SH,半导体
2024-03-06,0.663,512690.SH,酒
2024-03-06,0.58182723691615,512800.SH,银行
2024-03-06,0.902,512880.SH,证券
2024-03-06,499.76,AU9999.SHG,黄金现货
2024-03-07,3.3579318977567,510300.SH,沪深300ETF
2024-03-07,2.8958176969848,510880.SH,红利
2024-03-07,0.345,512170.SH,医疗
2024-03-07,0.96226688117798,512400.SH,有色
2024-03-07,0.3595,512480.SH,半导体
2024-03-07,0.659,512690.SH,酒
2024-03-07,0.58382836240855,512800.SH,银行
2024-03-07,0.89,512880.SH,证券
2024-03-07,505.1,AU9999.SHG,黄金现货
2024-03-08,3.3674633536119,510300.SH,沪深300ETF
2024-03-08,2.9113375270127,510880.SH,红利
2024-03-08,0.345,512170.SH,医疗
2024-03-08,0.96520360614597,512400.SH,有色
2024-03-08,0.369,512480.SH,半导体
2024-03-08,0.655,512690.SH,酒
2024-03-08,0.58282779966235,512800.SH,银行
2024-03-08,0.892,512880.SH,证券
2024-03-08,505.84,AU9999.SHG,黄金现货
2024-03-11,3.4132143417164,510300.SH,沪深300ETF
2024-03-11,2.882123729313,510880.SH,红利
2024-03-11,0.356,512170.SH,医疗
2024-03-11,0.97695050601793,512400.SH,有色
2024-03-11,0.373,512480.SH,半导体
2024-03-11,0.672,512690.SH,酒
2024-03-11,0.58232751828925,512800.SH,银行
2024-03-11,0.906,512880.SH,证券
2024-03-11,507.29,AU9999.SHG,黄金现货
2024-03-12,3.417980069644,510300.SH,沪深300ETF
2024-03-12,2.8173056156668,510880.SH,红利
2024-03-12,0.362,512170.SH,医疗
2024-03-12,0.95737233956466,512400.SH,有色
2024-03-12,0.375,512480.SH,半导体
2024-03-12,0.704,512690.SH,酒
2024-03-12,0.57782498593134,512800.SH,银行
2024-03-12,0.912,512880.SH,证券
2024-03-12,505.24,AU9999.SHG,黄金现货
2024-03-13,3.3979640123482,510300.SH,沪深300ETF
2024-03-13,2.8008728544607,510880.SH,红利
2024-03-13,0.358,512170.SH,医疗
2024-03-13,0.9642246978233,512400.SH,有色
2024-03-13,0.375,512480.SH,半导体
2024-03-13,0.701,512690.SH,酒
2024-03-13,0.57182160945414,512800.SH,银行
2024-03-13,0.898,512880.SH,证券
2024-03-13,504.79,AU9999.SHG,黄金现货
2024-03-14,3.3855731197366,510300.SH,沪深300ETF
2024-03-14,2.8090892350637,510880.SH,红利
2024-03-14,0.359,512170.SH,医疗
2024-03-14,0.97695050601793,512400.SH,有色
2024-03-14,0.369,512480.SH,半导体
2024-03-14,0.699,512690.SH,酒
2024-03-14,0.57132132808104,512800.SH,银行
2024-03-14,0.891,512880.SH,证券
2024-03-14,505.2,AU9999.SHG,黄金现货
2024-03-15,3.3941514300062,510300.SH,沪深300ETF
2024-03-15,2.803611647995,510880.SH,红利
2024-03-15,0.357,512170.SH,医疗
2024-03-15,1.0112122973111,512400.SH,有色
2024-03-15,0.3705,512480.SH,半导体
2024-03-15,0.704,512690.SH,酒
2024-03-15,0.57432301631964,512800.SH,银行
2024-03-15,0.896,512880.SH,证券
2024-03-15,507.12,AU9999.SHG,黄金现货
2024-03-18,3.423698943157,510300.SH,沪深300ETF
2024-03-18,2.788091817967,510880.SH,红利
2024-03-18,0.362,512170.SH,医疗
2024-03-18,1.0131701139565,512400.SH,有色
2024-03-18,0.3815,512480.SH,半导体
2024-03-18,0.704,512690.SH,酒
2024-03-18,0.57432301631964,512800.SH,银行
2024-03-18,0.917,512880.SH,证券
2024-03-18,503.26,AU9999.SHG,黄金现货
2024-03-19,3.4017765946903,510300.SH,沪深300ETF
2024-03-19,2.7862659556108,510880.SH,红利
2024-03-19,0.358,512170.SH,医疗
2024-03-19,1.0063177556978,512400.SH,有色
2024-03-19,0.3765,512480.SH,半导体
2024-03-19,0.712,512690.SH,酒
2024-03-19,0.56881992121553,512800.SH,银行
2024-03-19,0.9,512880.SH,证券
2024-03-19,504.06,AU9999.SHG,黄金现货
2024-03-20,3.4046360314468,510300.SH,沪深300ETF
2024-03-20,2.7917435426795,510880.SH,红利
2024-03-20,0.357,512170.SH,医疗
2024-03-20,1.0053388473752,512400.SH,有色
2024-03-20,0.3775,512480.SH,半导体
2024-03-20,0.709,512690.SH,酒
2024-03-20,0.57432301631964,512800.SH,银行
2024-03-20,0.902,512880.SH,证券
2024-03-20,505.2,AU9999.SHG,黄金现货
2024-03-21,3.4027297402758,510300.SH,沪深300ETF
2024-03-21,2.795395267392,510880.SH,红利
2024-03-21,0.353,512170.SH,医疗
2024-03-21,1.0092544806658,512400.SH,有色
2024-03-21,0.377,512480.SH,半导体
2024-03-21,0.712,512690.SH,酒
2024-03-21,0.57732470455824,512800.SH,银行
2024-03-21,0.906,512880.SH,证券
2024-03-21,514.94,AU9999.SHG,黄金现货
2024-03-22,3.3731822271249,510300.SH,沪深300ETF
2024-03-22,2.8008728544607,510880.SH,红利
2024-03-22,0.346,512170.SH,医疗
2024-03-22,0.98380286427657,512400.SH,有色
2024-03-22,0.373,512480.SH,半导体
2024-03-22,0.696,512690.SH,酒
2024-03-22,0.57482329769274,512800.SH,银行
2024-03-22,0.89,512880.SH,证券
2024-03-22,511.16,AU9999.SHG,黄金现货
2024-03-25,3.3550724610002,510300.SH,沪深300ETF
2024-03-25,2.8100021662418,510880.SH,红利
2024-03-25,0.343,512170.SH,医疗
2024-03-25,0.98967631421255,512400.SH,有色
2024-03-25,0.363,512480.SH,半导体
2024-03-25,0.689,512690.SH,酒
2024-03-25,0.57832526730445,512800.SH,银行
2024-03-25,0.864,512880.SH,证券
2024-03-25,511.13,AU9999.SHG,黄金现货
2024-03-26,3.3655570624408,510300.SH,沪深300ETF
2024-03-26,2.7944823362139,510880.SH,红利
2024-03-26,0.34,512170.SH,医疗
2024-03-26,0.98771849756722,512400.SH,有色
2024-03-26,0.358,512480.SH,半导体
2024-03-26,0.7,512690.SH,酒
2024-03-26,0.58632976927406,512800.SH,银行
2024-03-26,0.866,512880.SH,证券
2024-03-26,512.52,AU9999.SHG,黄金现货
2024-03-27,3.3293375301914,510300.SH,沪深300ETF
2024-03-27,2.7935694050357,510880.SH,红利
2024-03-27,0.336,512170.SH,医疗
2024-03-27,0.97401378104994,512400.SH,有色
2024-03-27,0.345,512480.SH,半导体
2024-03-27,0.691,512690.SH,酒
2024-03-27,0.58833089476646,512800.SH,银行
2024-03-27,0.851,512880.SH,证券
2024-03-27,515.94,AU9999.SHG,黄金现货
2024-03-28,3.3455410051451,510300.SH,沪深300ETF
2024-03-28,2.7862659556108,510880.SH,红利
2024-03-28,0.335,512170.SH,医疗
2024-03-28,0.99163413085787,512400.SH,有色
2024-03-28,0.352,512480.SH,半导体
2024-03-28,0.692,512690.SH,酒
2024-03-28,0.58182723691615,512800.SH,银行
2024-03-28,0.853,512880.SH,证券
2024-03-28,518.8,AU9999.SHG,黄金现货
2024-03-29,3.3607913345133,510300.SH,沪深300ETF
2024-03-29,2.8045245791731,510880.SH,红利
2024-03-29,0.335,512170.SH,医疗
2024-03-29,1.0249170138284,512400.SH,有色
2024-03-29,0.3525,512480.SH,半导体
2024-03-29,0.691,512690.SH,酒
2024-03-29,0.58082667416995,512800.SH,银行
2024-03-29,0.856,512880.SH,证券
2024-03-29,527.54,AU9999.SHG,黄金现货
2024-04-01,3.4160737784729,510300.SH,沪深300ETF
2024-04-01,2.7999599232826,510880.SH,红利
2024-04-01,0.34,512170.SH,医疗
2024-04-01,1.0444951802817,512400.SH,有色
2024-04-01,0.357,512480.SH,半导体
2024-04-01,0.71,512690.SH,酒
2024-04-01,0.58733033202026,512800.SH,银行
2024-04-01,0.869,512880.SH,证券
2024-04-01,533.74,AU9999.SHG,黄金现货
2024-04-02,3.4046360314468,510300.SH,沪深300ETF
2024-04-02,2.819131478023,510880.SH,红利
2024-04-02,0.336,512170.SH,医疗
2024-04-02,1.055263171831,512400.SH,有色
2024-04-02,0.3515,512480.SH,半导体
2024-04-02,0.706,512690.SH,酒
2024-04-02,0.58683005064716,512800.SH,银行
2024-04-02,0.863,512880.SH,证券
2024-04-02,533.8,AU9999.SHG,黄金现货
2024-04-03,3.3912919932496,510300.SH,沪深300ETF
2024-04-03,2.8529099316133,510880.SH,红利
2024-04-03,0.334,512170.SH,医疗
2024-04-03,1.0905038714469,512400.SH,有色
2024-04-03,0.349,512480.SH,半导体
2024-04-03,0.706,512690.SH,酒
2024-04-03,0.58432864378165,512800.SH,银行
2024-04-03,0.856,512880.SH,证券
2024-04-03,537.5,AU9999.SHG,黄金现货
2024-04-08,3.3636507712698,510300.SH,沪深300ETF
2024-04-08,2.8620392433945,510880.SH,红利
2024-04-08,0.324,512170.SH,医疗
2024-04-08,1.0875671464789,512400.SH,有色
2024-04-08,0.339,512480.SH,半导体
2024-04-08,0.678,512690.SH,酒
2024-04-08,0.58783061339336,512800.SH,银行
2024-04-08,0.842,512880.SH,证券
2024-04-08,554.11,AU9999.SHG,黄金现货
2024-04-09,3.3579318977567,510300.SH,沪深300ETF
2024-04-09,2.8483452757227,510880.SH,红利
2024-04-09,0.331,512170.SH,医疗
2024-04-09,1.0914827797695,512400.SH,有色
2024-04-09,0.3425,512480.SH,半导体
2024-04-09,0.679,512690.SH,酒
2024-04-09,0.58432864378165,512800.SH,银行
2024-04-09,0.845,512880.SH,证券
2024-04-09,555.5,AU9999.SHG,黄金现货
2024-04-10,3.3331501125334,510300.SH,沪深300ETF
2024-04-10,2.858387518682,510880.SH,红利
2024-04-10,0.325,512170.SH,医疗
2024-04-10,1.0983351380282,512400.SH,有色
2024-04-10,0.3325,512480.SH,半导体
2024-04-10,0.668,512690.SH,酒
2024-04-10,0.58482892515476,512800.SH,银行
2024-04-10,0.829,512880.SH,证券
2024-04-10,557.9,AU9999.SHG,黄金现货
2024-04-11,3.3302906757769,510300.SH,沪深300ETF
2024-04-11,2.8949047658067,510880.SH,红利
2024-04-11,0.323,512170.SH,医疗
2024-04-11,1.0953984130602,512400.SH,有色
2024-04-11,0.332,512480.SH,半导体
2024-04-11,0.669,512690.SH,酒
2024-04-11,0.58432864378165,512800.SH,银行
2024-04-11,0.826,512880.SH,证券
2024-04-11,554.14,AU9999.SHG,黄金现货
2024-04-12,3.3036025993826,510300.SH,沪深300ETF
2024-04-12,2.8885142475598,510880.SH,红利
2024-04-12,0.32,512170.SH,医疗
2024-04-12,1.1061664046095,512400.SH,有色
2024-04-12,0.3345,512480.SH,半导体
2024-04-12,0.658,512690.SH,酒
2024-04-12,0.58032639279685,512800.SH,银行
2024-04-12,0.811,512880.SH,证券
2024-04-12,567.21,AU9999.SHG,黄金现货
2024-04-15,3.3731822271249,510300.SH,沪深300ETF
2024-04-15,2.9487677053155,510880.SH,红利
2024-04-15,0.32,512170.SH,医疗
2024-04-15,1.1051874962868,512400.SH,有色
2024-04-15,0.338,512480.SH,半导体
2024-04-15,0.678,512690.SH,酒
2024-04-15,0.59233314575127,512800.SH,银行
2024-04-15,0.824,512880.SH,证券
2024-04-15,558.68,AU9999.SHG,黄金现货
2024-04-16,3.3426815683886,510300.SH,沪深300ETF
2024-04-16,2.9615487418091,510880.SH,红利
2024-04-16,0.313,512170.SH,医疗
2024-04-16,1.0572209884763,512400.SH,有色
2024-04-16,0.326,512480.SH,半导体
2024-04-16,0.666,512690.SH,酒
2024-04-16,0.59283342712437,512800.SH,银行
2024-04-16,0.809,512880.SH,证券
2024-04-16,562.5,AU9999.SHG,黄金现货
2024-04-17,3.3865262653221,510300.SH,沪深300ETF
2024-04-17,2.991675470687,510880.SH,红利
2024-04-17,0.317,512170.SH,医疗
2024-04-17,1.0797358798976,512400.SH,有色
2024-04-17,0.3405,512480.SH,半导体
2024-04-17,0.669,512690.SH,酒
2024-04-17,0.60283905458638,512800.SH,银行
2024-04-17,0.825,512880.SH,证券
2024-04-17,564.46,AU9999.SHG,黄金现货
2024-04-18,3.3922451388352,510300.SH,沪深300ETF
2024-04-18,2.99989185129,510880.SH,红利
2024-04-18,0.318,512170.SH,医疗
2024-04-18,1.0944195047375,512400.SH,有色
2024-04-18,0.3375,512480.SH,半导体
2024-04-18,0.67,512690.SH,酒
2024-04-18,0.60784186831739,512800.SH,银行
2024-04-18,0.832,512880.SH,证券
2024-04-18,563.37,AU9999.SHG,黄金现货
2024-04-19,3.3655570624408,510300.SH,沪深300ETF
2024-04-19,3.0199763372086,510880.SH,红利
2024-04-19,0.313,512170.SH,医疗
2024-04-19,1.0875671464789,512400.SH,有色
2024-04-19,0.327,512480.SH,半导体
2024-04-19,0.659,512690.SH,酒
2024-04-19,0.60684130557119,512800.SH,银行
2024-04-19,0.827,512880.SH,证券
2024-04-19,565.55,AU9999.SHG,黄金现货
2024-04-22,3.3588850433423,510300.SH,沪深300ETF
2024-04-22,2.9405513247125,510880.SH,红利
2024-04-22,0.317,512170.SH,医疗
2024-04-22,1.0630944384123,512400.SH,有色
2024-04-22,0.3285,512480.SH,半导体
2024-04-22,0.673,512690.SH,酒
2024-04-22,0.60233877321328,512800.SH,银行
2024-04-22,0.829,512880.SH,证券
2024-04-22,556.55,AU9999.SHG,黄金现货
2024-04-23,3.3350564037045,510300.SH,沪深300ETF
2024-04-23,2.8967306281629,510880.SH,红利
2024-04-23,0.32,512170.SH,医疗
2024-04-23,1.0151279306018,512400.SH,有色
2024-04-23,0.3275,512480.SH,半导体
2024-04-23,0.683,512690.SH,酒
2024-04-23,0.60183849184018,512800.SH,银行
2024-04-23,0.827,512880.SH,证券
2024-04-23,544.01,AU9999.SHG,黄金现货
2024-04-24,3.3484004419016,510300.SH,沪深300ETF
2024-04-24,2.897643559341,510880.SH,红利
2024-04-24,0.32,512170.SH,医疗
2024-04-24,1.0249170138284,512400.SH,有色
2024-04-24,0.3345,512480.SH,半导体
2024-04-24,0.684,512690.SH,酒
2024-04-24,0.59983736634778,512800.SH,银行
2024-04-24,0.828,512880.SH,证券
2024-04-24,548.33,AU9999.SHG,黄金现货
2024-04-25,3.3579318977567,510300.SH,沪深300ETF
2024-04-25,2.9149892517252,510880.SH,红利
2024-04-25,0.322,512170.SH,医疗
2024-04-25,1.0347060970551,512400.SH,有色
2024-04-25,0.3355,512480.SH,半导体
2024-04-25,0.68,512690.SH,酒
2024-04-25,0.60934271243669,512800.SH,银行
2024-04-25,0.827,512880.SH,证券
2024-04-25,548.16,AU9999.SHG,黄金现货
2024-04-26,3.4055891770323,510300.SH,沪深300ETF
2024-04-26,2.8885142475598,510880.SH,红利
2024-04-26,0.33,512170.SH,医疗
2024-04-26,1.0621155300896,512400.SH,有色
2024-04-26,0.3445,512480.SH,半导体
2024-04-26,0.695,512690.SH,酒
2024-04-26,0.59983736634778,512800.SH,银行
2024-04-26,0.878,512880.SH,证券
2024-04-26,553.0,AU9999.SHG,黄金现货
2024-04-29,3.4465744372093,510300.SH,沪深300ETF
2024-04-29,2.8574745875039,510880.SH,红利
2024-04-29,0.34,512170.SH,医疗
2024-04-29,1.0562420801536,512400.SH,有色
2024-04-29,0.3565,512480.SH,半导体
2024-04-29,0.701,512690.SH,酒
2024-04-29,0.60584074282499,512800.SH,银行
2024-04-29,0.889,512880.SH,证券
2024-04-29,549.06,AU9999.SHG,黄金现货
2024-04-30,3.4294178166701,510300.SH,沪深300ETF
2024-04-30,2.8693426928194,510880.SH,红利
2024-04-30,0.336,512170.SH,医疗
2024-04-30,1.046452996927,512400.SH,有色
2024-04-30,0.352,512480.SH,半导体
2024-04-30,0.699,512690.SH,酒
2024-04-30,0.60934271243669,512800.SH,银行
2024-04-30,0.873,512880.SH,证券
2024-04-30,545.8,AU9999.SHG,黄金现货
2024-05-06,3.4770750959457,510300.SH,沪深300ETF
2024-05-06,2.8848625228474,510880.SH,红利
2024-05-06,0.348,512170.SH,医疗
2024-05-06,1.0542842635083,512400.SH,有色
2024-05-06,0.3555,512480.SH,半导体
2024-05-06,0.724,512690.SH,酒
2024-05-06,0.60884243106359,512800.SH,银行
2024-05-06,0.878,512880.SH,证券
2024-05-06,544.13,AU9999.SHG,黄金现货
2024-05-07,3.4789813871167,510300.SH,沪深300ETF
2024-05-07,2.8848625228474,510880.SH,红利
2024-05-07,0.348,512170.SH,医疗
2024-05-07,1.0621155300896,512400.SH,有色
2024-05-07,0.3535,512480.SH,半导体
2024-05-07,0.727,512690.SH,酒
2024-05-07,0.60884243106359,512800.SH,银行
2024-05-07,0.875,512880.SH,证券
2024-05-07,544.84,AU9999.SHG,黄金现货
2024-05-08,3.4513401651369,510300.SH,沪深300ETF
2024-05-08,2.9049470087659,510880.SH,红利
2024-05-08,0.345,512170.SH,医疗
2024-05-08,1.0542842635083,512400.SH,有色
2024-05-08,0.3475,512480.SH,半导体
2024-05-08,0.719,512690.SH,酒
2024-05-08,0.60884243106359,512800.SH,银行
2024-05-08,0.862,512880.SH,证券
2024-05-08,544.18,AU9999.SHG,黄金现货
2024-05-09,3.4847002606298,510300.SH,沪深300ETF
2024-05-09,2.9149892517252,510880.SH,红利
2024-05-09,0.348,512170.SH,医疗
2024-05-09,1.0797358798976,512400.SH,有色
2024-05-09,0.356,512480.SH,半导体
2024-05-09,0.72,512690.SH,酒
2024-05-09,0.60984299380979,512800.SH,银行
2024-05-09,0.87,512880.SH,证券
2024-05-09,543.43,AU9999.SHG,黄金现货
2024-05-10,3.4866065518008,510300.SH,沪深300ETF
2024-05-10,2.9323349441094,510880.SH,红利
2024-05-10,0.345,512170.SH,医疗
2024-05-10,1.0875671464789,512400.SH,有色
2024-05-10,0.3485,512480.SH,半导体
2024-05-10,0.716,512690.SH,酒
2024-05-10,0.6173472144063,512800.SH,银行
2024-05-10,0.876,512880.SH,证券
2024-05-10,556.34,AU9999.SHG,黄金现货
2024-05-13,3.4837471150442,510300.SH,沪深300ETF
2024-05-13,2.9359866688219,510880.SH,红利
2024-05-13,0.344,512170.SH,医疗
2024-05-13,1.0738624299616,512400.SH,有色
2024-05-13,0.3435,512480.SH,半导体
2024-05-13,0.701,512690.SH,酒
2024-05-13,0.62084918401801,512800.SH,银行
2024-05-13,0.878,512880.SH,证券
2024-05-13,553.01,AU9999.SHG,黄金现货
2024-05-14,3.4780282415312,510300.SH,沪深300ETF
2024-05-14,2.9241185635064,510880.SH,红利
2024-05-14,0.348,512170.SH,医疗
2024-05-14,1.0807147882202,512400.SH,有色
2024-05-14,0.344,512480.SH,半导体
2024-05-14,0.704,512690.SH,酒
2024-05-14,0.6178474957794,512800.SH,银行
2024-05-14,0.883,512880.SH,证券
2024-05-14,550.66,AU9999.SHG,黄金现货
2024-05-15,3.4532464563079,510300.SH,沪深300ETF
2024-05-15,2.9232056323283,510880.SH,红利
2024-05-15,0.34,512170.SH,医疗
2024-05-15,1.0689678883483,512400.SH,有色
2024-05-15,0.339,512480.SH,半导体
2024-05-15,0.7,512690.SH,酒
2024-05-15,0.615846370287,512800.SH,银行
2024-05-15,0.859,512880.SH,证券
2024-05-15,555.99,AU9999.SHG,黄金现货
2024-05-16,3.464684203334,510300.SH,沪深300ETF
2024-05-16,2.9295961505751,510880.SH,红利
2024-05-16,0.341,512170.SH,医疗
2024-05-16,1.0630944384123,512400.SH,有色
2024-05-16,0.3395,512480.SH,半导体
2024-05-16,0.708,512690.SH,酒
2024-05-16,0.62735284186832,512800.SH,银行
2024-05-16,0.858,512880.SH,证券
2024-05-16,560.35,AU9999.SHG,黄金现货
2024-05-17,3.50376317234,510300.SH,沪深300ETF
2024-05-17,2.9487677053155,510880.SH,红利
2024-05-17,0.34,512170.SH,医疗
2024-05-17,1.0777780632522,512400.SH,有色
2024-05-17,0.3445,512480.SH,半导体
2024-05-17,0.719,512690.SH,酒
2024-05-17,0.63485706246483,512800.SH,银行
2024-05-17,0.871,512880.SH,证券
2024-05-17,561.44,AU9999.SHG,黄金现货
2024-05-20,3.5113883370241,510300.SH,沪深300ETF
2024-05-20,2.984372021262,510880.SH,红利
2024-05-20,0.342,512170.SH,医疗
2024-05-20,1.1179133044814,512400.SH,有色
2024-05-20,0.345,512480.SH,半导体
2024-05-20,0.722,512690.SH,酒
2024-05-20,0.63185537422622,512800.SH,银行
2024-05-20,0.872,512880.SH,证券
2024-05-20,573.8,AU9999.SHG,黄金现货
2024-05-21,3.4999505899979,510300.SH,沪深300ETF
2024-05-21,2.9989789201119,510880.SH,红利
2024-05-21,0.338,512170.SH,医疗
2024-05-21,1.0836515131882,512400.SH,有色
2024-05-21,0.3425,512480.SH,半导体
2024-05-21,0.718,512690.SH,酒
2024-05-21,0.63635790658413,512800.SH,银行
2024-05-21,0.866,512880.SH,证券
2024-05-21,568.96,AU9999.SHG,黄金现货
2024-05-22,3.507575754682,510300.SH,沪深300ETF
2024-05-22,2.9989789201119,510880.SH,红利
2024-05-22,0.337,512170.SH,医疗
2024-05-22,1.0738624299616,512400.SH,有色
2024-05-22,0.344,512480.SH,半导体
2024-05-22,0.711,512690.SH,酒
2024-05-22,0.63935959482273,512800.SH,银行
2024-05-22,0.869,512880.SH,证券
2024-05-22,568.6,AU9999.SHG,黄金现货
2024-05-23,3.4723093680181,510300.SH,沪深300ETF
2024-05-23,2.960635810631,510880.SH,红利
2024-05-23,0.333,512170.SH,医疗
2024-05-23,1.0396006386684,512400.SH,有色
2024-05-23,0.3375,512480.SH,半导体
2024-05-23,0.701,512690.SH,酒
2024-05-23,0.63485706246483,512800.SH,银行
2024-05-23,0.851,512880.SH,证券
2024-05-23,556.72,AU9999.SHG,黄金现货
2024-05-24,3.4332303990121,510300.SH,沪深300ETF
2024-05-24,2.9560711547404,510880.SH,红利
2024-05-24,0.329,512170.SH,医疗
2024-05-24,1.0396006386684,512400.SH,有色
2024-05-24,0.329,512480.SH,半导体
2024-05-24,0.692,512690.SH,酒
2024-05-24,0.62935396736072,512800.SH,银行
2024-05-24,0.84,512880.SH,证券
2024-05-24,551.43,AU9999.SHG,黄金现货
2024-05-27,3.4618247665775,510300.SH,沪深300ETF
2024-05-27,3.0081082318931,510880.SH,红利
2024-05-27,0.328,512170.SH,医疗
2024-05-27,1.0542842635083,512400.SH,有色
2024-05-27,0.3405,512480.SH,半导体
2024-05-27,0.693,512690.SH,酒
2024-05-27,0.63835903207653,512800.SH,银行
2024-05-27,0.848,512880.SH,证券
2024-05-27,551.6,AU9999.SHG,黄金现货
2024-05-28,3.4399024181107,510300.SH,沪深300ETF
2024-05-28,2.99989185129,510880.SH,红利
2024-05-28,0.325,512170.SH,医疗
2024-05-28,1.052326446863,512400.SH,有色
2024-05-28,0.3415,512480.SH,半导体
2024-05-28,0.685,512690.SH,酒
2024-05-28,0.63535734383793,512800.SH,银行
2024-05-28,0.84,512880.SH,证券
2024-05-28,552.7,AU9999.SHG,黄金现货
2024-05-29,3.4408555636962,510300.SH,沪深300ETF
2024-05-29,3.0026306448244,510880.SH,红利
2024-05-29,0.325,512170.SH,医疗
2024-05-29,1.0787569715749,512400.SH,有色
2024-05-29,0.3385,512480.SH,半导体
2024-05-29,0.683,512690.SH,酒
2024-05-29,0.62935396736072,512800.SH,银行
2024-05-29,0.841,512880.SH,证券
2024-05-29,555.76,AU9999.SHG,黄金现货
2024-05-30,3.4275115254991,510300.SH,沪深300ETF
2024-05-30,2.9816332277277,510880.SH,红利
2024-05-30,0.325,512170.SH,医疗
2024-05-30,1.0474319052497,512400.SH,有色
2024-05-30,0.347,512480.SH,半导体
2024-05-30,0.672,512690.SH,酒
2024-05-30,0.62485143500281,512800.SH,银行
2024-05-30,0.84,512880.SH,证券
2024-05-30,551.72,AU9999.SHG,黄金现货
2024-05-31,3.4141674873019,510300.SH,沪深300ETF
2024-05-31,2.9880237459745,510880.SH,红利
2024-05-31,0.324,512170.SH,医疗
2024-05-31,1.0425373636364,512400.SH,有色
2024-05-31,0.3465,512480.SH,半导体
2024-05-31,0.674,512690.SH,酒
2024-05-31,0.62735284186832,512800.SH,银行
2024-05-31,0.839,512880.SH,证券
2024-05-31,553.6,AU9999.SHG,黄金现货
2024-06-03,3.4189332152295,510300.SH,沪深300ETF
2024-06-03,2.9597228794529,510880.SH,红利
2024-06-03,0.321,512170.SH,医疗
2024-06-03,1.0219802888604,512400.SH,有色
2024-06-03,0.3525,512480.SH,半导体
2024-06-03,0.671,512690.SH,酒
2024-06-03,0.61984862127181,512800.SH,银行
2024-06-03,0.828,512880.SH,证券
2024-06-03,549.19,AU9999.SHG,黄金现货
2024-06-04,3.4427618548673,510300.SH,沪深300ETF
2024-06-04,2.9715909847684,510880.SH,红利
2024-06-04,0.327,512170.SH,医疗
2024-06-04,1.0337271887324,512400.SH,有色
2024-06-04,0.3515,512480.SH,半导体
2024-06-04,0.679,512690.SH,酒
2024-06-04,0.62385087225661,512800.SH,银行
2024-06-04,0.834,512880.SH,证券
2024-06-04,553.49,AU9999.SHG,黄金现货
2024-06-05,3.4303709622556,510300.SH,沪深300ETF
2024-06-05,2.9368996,510880.SH,红利
2024-06-05,0.326,512170.SH,医疗
2024-06-05,1.0102333889885,512400.SH,有色
2024-06-05,0.353,512480.SH,半导体
2024-06-05,0.671,512690.SH,酒
2024-06-05,0.6163466516601,512800.SH,银行
2024-06-05,0.831,512880.SH,证券
2024-06-05,550.25,AU9999.SHG,黄金现货
2024-06-06,3.4303709622556,510300.SH,沪深300ETF
2024-06-06,2.952419430028,510880.SH,红利
2024-06-06,0.321,512170.SH,医疗
2024-06-06,1.0200224722151,512400.SH,有色
2024-06-06,0.3515,512480.SH,半导体
2024-06-06,0.664,512690.SH,酒
2024-06-06,0.615846370287,512800.SH,银行
2024-06-06,0.82,512880.SH,证券
2024-06-06,559.36,AU9999.SHG,黄金现货
2024-06-07,3.4084486137888,510300.SH,沪深300ETF
2024-06-07,2.9770685718371,510880.SH,红利
2024-06-07,0.32,512170.SH,医疗
2024-06-07,1.0219802888604,512400.SH,有色
2024-06-07,0.3515,512480.SH,半导体
2024-06-07,0.656,512690.SH,酒
2024-06-07,0.62034890264491,512800.SH,银行
2024-06-07,0.815,512880.SH,证券
2024-06-07,559.9,AU9999.SHG,黄金现货
2024-06-11,3.3846199741511,510300.SH,沪深300ETF
2024-06-11,2.9259444258626,510880.SH,红利
2024-06-11,0.322,512170.SH,医疗
2024-06-11,0.99946539743918,512400.SH,有色
2024-06-11,0.366,512480.SH,半导体
2024-06-11,0.643,512690.SH,酒
2024-06-11,0.61034327518289,512800.SH,银行
2024-06-11,0.816,512880.SH,证券
2024-06-11,543.95,AU9999.SHG,黄金现货
2024-06-12,3.380807391809,510300.SH,沪深300ETF
2024-06-12,2.9633746041654,510880.SH,红利
2024-06-12,0.324,512170.SH,医疗
2024-06-12,1.0082755723431,512400.SH,有色
2024-06-12,0.3645,512480.SH,半导体
2024-06-12,0.641,512690.SH,酒
2024-06-12,0.60834214969049,512800.SH,银行
2024-06-12,0.816,512880.SH,证券
2024-06-12,545.97,AU9999.SHG,黄金现货
2024-06-13,3.3684164991974,510300.SH,沪深300ETF
2024-06-13,2.9378125311781,510880.SH,红利
2024-06-13,0.32,512170.SH,医疗
2024-06-13,0.99163413085787,512400.SH,有色
2024-06-13,0.368,512480.SH,半导体
2024-06-13,0.632,512690.SH,酒
2024-06-13,0.60333933595948,512800.SH,银行
2024-06-13,0.815,512880.SH,证券
2024-06-13,546.26,AU9999.SHG,黄金现货
2024-06-14,3.3874794109076,510300.SH,沪深300ETF
2024-06-14,2.9423771870687,510880.SH,红利
2024-06-14,0.318,512170.SH,医疗
2024-06-14,0.99457085582586,512400.SH,有色
2024-06-14,0.3665,512480.SH,半导体
2024-06-14,0.635,512690.SH,酒
2024-06-14,0.60984299380979,512800.SH,银行
2024-06-14,0.833,512880.SH,证券
2024-06-14,546.24,AU9999.SHG,黄金现货
2024-06-17,3.3779479550525,510300.SH,沪深300ETF
2024-06-17,2.9040340775878,510880.SH,红利
2024-06-17,0.315,512170.SH,医疗
2024-06-17,0.98184504763124,512400.SH,有色
2024-06-17,0.374,512480.SH,半导体
2024-06-17,0.634,512690.SH,酒
2024-06-17,0.60383961733258,512800.SH,银行
2024-06-17,0.832,512880.SH,证券
2024-06-17,547.33,AU9999.SHG,黄金现货
2024-06-18,3.3884325564931,510300.SH,沪深300ETF
2024-06-18,2.9104245958346,510880.SH,红利
2024-06-18,0.313,512170.SH,医疗
2024-06-18,0.98869740588988,512400.SH,有色
2024-06-18,0.374,512480.SH,半导体
2024-06-18,0.626,512690.SH,酒
2024-06-18,0.60634102419809,512800.SH,银行
2024-06-18,0.838,512880.SH,证券
2024-06-18,547.64,AU9999.SHG,黄金现货
2024-06-19,3.378901100638,510300.SH,沪深300ETF
2024-06-19,2.9104245958346,510880.SH,红利
2024-06-19,0.309,512170.SH,医疗
2024-06-19,0.99261303918054,512400.SH,有色
2024-06-19,0.3745,512480.SH,半导体
2024-06-19,0.623,512690.SH,酒
2024-06-19,0.6133449634215,512800.SH,银行
2024-06-19,0.827,512880.SH,证券
2024-06-19,550.06,AU9999.SHG,黄金现货
2024-06-20,3.3569787521712,510300.SH,沪深300ETF
2024-06-20,2.9159021829033,510880.SH,红利
2024-06-20,0.305,512170.SH,医疗
2024-06-20,0.98576068092189,512400.SH,有色
2024-06-20,0.375,512480.SH,半导体
2024-06-20,0.617,512690.SH,酒
2024-06-20,0.60934271243669,512800.SH,银行
2024-06-20,0.82,512880.SH,证券
2024-06-20,554.35,AU9999.SHG,黄金现货
2024-06-21,3.3512598786582,510300.SH,沪深300ETF
2024-06-21,2.9204668387939,510880.SH,红利
2024-06-21,0.305,512170.SH,医疗
2024-06-21,0.98086613930858,512400.SH,有色
2024-06-21,0.376,512480.SH,半导体
2024-06-21,0.606,512690.SH,酒
2024-06-21,0.60934271243669,512800.SH,银行
2024-06-21,0.821,512880.SH,证券
2024-06-21,556.25,AU9999.SHG,黄金现货
2024-06-24,3.3350564037045,510300.SH,沪深300ETF
2024-06-24,2.882123729313,510880.SH,红利
2024-06-24,0.301,512170.SH,医疗
2024-06-24,0.95933015620999,512400.SH,有色
2024-06-24,0.365,512480.SH,半导体
2024-06-24,0.607,512690.SH,酒
2024-06-24,0.60984299380979,512800.SH,银行
2024-06-24,0.813,512880.SH,证券
2024-06-24,549.98,AU9999.SHG,黄金现货
2024-06-25,3.3150403464087,510300.SH,沪深300ETF
2024-06-25,2.8939918346285,510880.SH,红利
2024-06-25,0.299,512170.SH,医疗
2024-06-25,0.96030906453265,512400.SH,有色
2024-06-25,0.351,512480.SH,半导体
2024-06-25,0.607,512690.SH,酒
2024-06-25,0.6133449634215,512800.SH,银行
2024-06-25,0.799,512880.SH,证券
2024-06-25,549.75,AU9999.SHG,黄金现货
2024-06-26,3.3350564037045,510300.SH,沪深300ETF
2024-06-26,2.9012952840535,510880.SH,红利
2024-06-26,0.305,512170.SH,医疗
2024-06-26,0.97009814775928,512400.SH,有色
2024-06-26,0.3595,512480.SH,半导体
2024-06-26,0.61,512690.SH,酒
2024-06-26,0.6138452447946,512800.SH,银行
2024-06-26,0.81,512880.SH,证券
2024-06-26,546.18,AU9999.SHG,黄金现货
2024-06-27,3.3169466375797,510300.SH,沪深300ETF
2024-06-27,2.9012952840535,510880.SH,红利
2024-06-27,0.3,512170.SH,医疗
2024-06-27,0.94758325633803,512400.SH,有色
2024-06-27,0.3535,512480.SH,半导体
2024-06-27,0.6,512690.SH,酒
2024-06-27,0.62134946539111,512800.SH,银行
2024-06-27,0.801,512880.SH,证券
2024-06-27,543.88,AU9999.SHG,黄金现货
2024-06-28,3.3236186566783,510300.SH,沪深300ETF
2024-06-28,2.9222927011501,510880.SH,红利
2024-06-28,0.297,512170.SH,医疗
2024-06-28,0.96618251446863,512400.SH,有色
2024-06-28,0.355,512480.SH,半导体
2024-06-28,0.59,512690.SH,酒
2024-06-28,0.62385087225661,512800.SH,银行
2024-06-28,0.783,512880.SH,证券
2024-06-28,549.88,AU9999.SHG,黄金现货
2024-07-01,3.3369626948755,510300.SH,沪深300ETF
2024-07-01,2.984372021262,510880.SH,红利
2024-07-01,0.297,512170.SH,医疗
2024-07-01,0.98869740588988,512400.SH,有色
2024-07-01,0.353,512480.SH,半导体
2024-07-01,0.586,512690.SH,酒
2024-07-01,0.63185537422622,512800.SH,银行
2024-07-01,0.784,512880.SH,证券
2024-07-01,549.2,AU9999.SHG,黄金现货
2024-07-02,3.3321969669479,510300.SH,沪深300ETF
2024-07-02,2.9861978836183,510880.SH,红利
2024-07-02,0.293,512170.SH,医疗
2024-07-02,0.97695050601793,512400.SH,有色
2024-07-02,0.3465,512480.SH,半导体
2024-07-02,0.595,512690.SH,酒
2024-07-02,0.64036015756894,512800.SH,银行
2024-07-02,0.782,512880.SH,证券
2024-07-02,549.5,AU9999.SHG,黄金现货
2024-07-03,3.3264780934349,510300.SH,沪深300ETF
2024-07-03,2.9661133976997,510880.SH,红利
2024-07-03,0.29,512170.SH,医疗
2024-07-03,0.97695050601793,512400.SH,有色
2024-07-03,0.3515,512480.SH,半导体
2024-07-03,0.59,512690.SH,酒
2024-07-03,0.63485706246483,512800.SH,银行
2024-07-03,0.782,512880.SH,证券
2024-07-03,554.16,AU9999.SHG,黄金现货
2024-07-04,3.3121809096522,510300.SH,沪深300ETF
2024-07-04,2.9533323612061,510880.SH,红利
2024-07-04,0.284,512170.SH,医疗
2024-07-04,0.97009814775928,512400.SH,有色
2024-07-04,0.345,512480.SH,半导体
2024-07-04,0.58,512690.SH,酒
2024-07-04,0.63635790658413,512800.SH,银行
2024-07-04,0.767,512880.SH,证券
2024-07-04,556.45,AU9999.SHG,黄金现货
2024-07-05,3.2959774346985,510300.SH,沪深300ETF
2024-07-05,2.9378125311781,510880.SH,红利
2024-07-05,0.292,512170.SH,医疗
2024-07-05,0.99554976414853,512400.SH,有色
2024-07-05,0.345,512480.SH,半导体
2024-07-05,0.575,512690.SH,酒
2024-07-05,0.62335059088351,512800.SH,银行
2024-07-05,0.768,512880.SH,证券
2024-07-05,557.96,AU9999.SHG,黄金现货
2024-07-08,3.2731019406462,510300.SH,沪深300ETF
2024-07-08,2.9277702882188,510880.SH,红利
2024-07-08,0.283,512170.SH,医疗
2024-07-08,0.98478177259923,512400.SH,有色
2024-07-08,0.3445,512480.SH,半导体
2024-07-08,0.559,512690.SH,酒
2024-07-08,0.62685256049522,512800.SH,银行
2024-07-08,0.748,512880.SH,证券
2024-07-08,559.22,AU9999.SHG,黄金现货
2024-07-09,3.3083683273101,510300.SH,沪深300ETF
2024-07-09,2.9515064988499,510880.SH,红利
2024-07-09,0.285,512170.SH,医疗
2024-07-09,1.0053388473752,512400.SH,有色
2024-07-09,0.359,512480.SH,半导体
2024-07-09,0.566,512690.SH,酒
2024-07-09,0.63285593697243,512800.SH,银行
2024-07-09,0.763,512880.SH,证券
2024-07-09,555.9,AU9999.SHG,黄金现货
2024-07-10,3.3007431626261,510300.SH,沪深300ETF
2024-07-10,2.8912530410942,510880.SH,红利
2024-07-10,0.285,512170.SH,医疗
2024-07-10,0.99065522253521,512400.SH,有色
2024-07-10,0.358,512480.SH,半导体
2024-07-10,0.565,512690.SH,酒
2024-07-10,0.63585762521103,512800.SH,银行
2024-07-10,0.764,512880.SH,证券
2024-07-10,560.85,AU9999.SHG,黄金现货
2024-07-11,3.3445878595596,510300.SH,沪深300ETF
2024-07-11,2.8866883852036,510880.SH,红利
2024-07-11,0.295,512170.SH,医疗
2024-07-11,1.0278537387964,512400.SH,有色
2024-07-11,0.362,512480.SH,半导体
2024-07-11,0.582,512690.SH,酒
2024-07-11,0.63185537422622,512800.SH,银行
2024-07-11,0.776,512880.SH,证券
2024-07-11,561.78,AU9999.SHG,黄金现货
2024-07-12,3.3541193154147,510300.SH,沪深300ETF
2024-07-12,2.8830366604911,510880.SH,红利
2024-07-12,0.295,512170.SH,医疗
2024-07-12,1.0092544806658,512400.SH,有色
2024-07-12,0.3645,512480.SH,半导体
2024-07-12,0.587,512690.SH,酒
2024-07-12,0.64486268992684,512800.SH,银行
2024-07-12,0.775,512880.SH,证券
2024-07-12,563.26,AU9999.SHG,黄金现货
2024-07-15,3.3607913345133,510300.SH,沪深300ETF
2024-07-15,2.9168151140814,510880.SH,红利
2024-07-15,0.289,512170.SH,医疗
2024-07-15,1.0161068389245,512400.SH,有色
2024-07-15,0.366,512480.SH,半导体
2024-07-15,0.585,512690.SH,酒
2024-07-15,0.65236691052335,512800.SH,银行
2024-07-15,0.773,512880.SH,证券
2024-07-15,563.66,AU9999.SHG,黄金现货
2024-07-16,3.3846199741511,510300.SH,沪深300ETF
2024-07-16,2.9049470087659,510880.SH,红利
2024-07-16,0.289,512170.SH,医疗
2024-07-16,1.0249170138284,512400.SH,有色
2024-07-16,0.3765,512480.SH,半导体
2024-07-16,0.585,512690.SH,酒
2024-07-16,0.64986550365785,512800.SH,银行
2024-07-16,0.78,512880.SH,证券
2024-07-16,570.82,AU9999.SHG,黄金现货
2024-07-17,3.3893857020786,510300.SH,沪深300ETF
2024-07-17,2.8930789034504,510880.SH,红利
2024-07-17,0.296,512170.SH,医疗
2024-07-17,0.99848648911652,512400.SH,有色
2024-07-17,0.372,512480.SH,半导体
2024-07-17,0.599,512690.SH,酒
2024-07-17,0.65536859876196,512800.SH,银行
2024-07-17,0.786,512880.SH,证券
2024-07-17,577.37,AU9999.SHG,黄金现货
2024-07-18,3.4094017593744,510300.SH,沪深300ETF
2024-07-18,2.8967306281629,510880.SH,红利
2024-07-18,0.3,512170.SH,医疗
2024-07-18,0.99750758079385,512400.SH,有色
2024-07-18,0.3745,512480.SH,半导体
2024-07-18,0.597,512690.SH,酒
2024-07-18,0.65386775464266,512800.SH,银行
2024-07-18,0.79,512880.SH,证券
2024-07-18,577.56,AU9999.SHG,黄金现货
2024-07-19,3.4313241078411,510300.SH,沪深300ETF
2024-07-19,2.8757332110662,510880.SH,红利
2024-07-19,0.3,512170.SH,医疗
2024-07-19,0.98086613930858,512400.SH,有色
2024-07-19,0.384,512480.SH,半导体
2024-07-19,0.609,512690.SH,酒
2024-07-19,0.65186662915025,512800.SH,银行
2024-07-19,0.799,512880.SH,证券
2024-07-19,561.9,AU9999.SHG,黄金现货
2024-07-22,3.4036828858613,510300.SH,沪深300ETF
2024-07-22,2.8465194133665,510880.SH,红利
2024-07-22,0.302,512170.SH,医疗
2024-07-22,0.96911923943662,512400.SH,有色
2024-07-22,0.385,512480.SH,半导体
2024-07-22,0.594,512690.SH,酒
2024-07-22,0.64136072031514,512800.SH,银行
2024-07-22,0.805,512880.SH,证券
2024-07-22,563.32,AU9999.SHG,黄金现货
2024-07-23,3.3369626948755,510300.SH,沪深300ETF
2024-07-23,2.827347858626,510880.SH,红利
2024-07-23,0.292,512170.SH,医疗
2024-07-23,0.92408945659411,512400.SH,有色
2024-07-23,0.3665,512480.SH,半导体
2024-07-23,0.572,512690.SH,酒
2024-07-23,0.64736409679235,512800.SH,银行
2024-07-23,0.786,512880.SH,证券
2024-07-23,560.0,AU9999.SHG,黄金现货
2024-07-24,3.3159934919942,510300.SH,沪深300ETF
2024-07-24,2.8291737209823,510880.SH,红利
2024-07-24,0.288,512170.SH,医疗
2024-07-24,0.9162581900128,512400.SH,有色
2024-07-24,0.361,512480.SH,半导体
2024-07-24,0.564,512690.SH,酒
2024-07-24,0.64786437816545,512800.SH,银行
2024-07-24,0.777,512880.SH,证券
2024-07-24,566.35,AU9999.SHG,黄金现货
2024-07-25,3.296930580284,510300.SH,沪深300ETF
2024-07-25,2.8163926844887,510880.SH,红利
2024-07-25,0.29,512170.SH,医疗
2024-07-25,0.89374329859155,512400.SH,有色
2024-07-25,0.3575,512480.SH,半导体
2024-07-25,0.564,512690.SH,酒
2024-07-25,0.64186100168824,512800.SH,银行
2024-07-25,0.787,512880.SH,证券
2024-07-25,552.4,AU9999.SHG,黄金现货
2024-07-26,3.3112277640667,510300.SH,沪深300ETF
2024-07-26,2.7999599232826,510880.SH,红利
2024-07-26,0.291,512170.SH,医疗
2024-07-26,0.91527928169014,512400.SH,有色
2024-07-26,0.3595,512480.SH,半导体
2024-07-26,0.563,512690.SH,酒
2024-07-26,0.63285593697243,512800.SH,银行
2024-07-26,0.801,512880.SH,证券
2024-07-26,555.5,AU9999.SHG,黄金现货
2024-07-29,3.2921648523565,510300.SH,沪深300ETF
2024-07-29,2.81091509742,510880.SH,红利
2024-07-29,0.286,512170.SH,医疗
2024-07-29,0.91332146504481,512400.SH,有色
2024-07-29,0.355,512480.SH,半导体
2024-07-29,0.555,512690.SH,酒
2024-07-29,0.64186100168824,512800.SH,银行
2024-07-29,0.793,512880.SH,证券
2024-07-29,558.79,AU9999.SHG,黄金现货
2024-07-30,3.2702425038897,510300.SH,沪深300ETF
2024-07-30,2.7972211297482,510880.SH,红利
2024-07-30,0.285,512170.SH,医疗
2024-07-30,0.90549019846351,512400.SH,有色
2024-07-30,0.3595,512480.SH,半导体
2024-07-30,0.553,512690.SH,酒
2024-07-30,0.63885931344963,512800.SH,银行
2024-07-30,0.797,512880.SH,证券
2024-07-30,558.68,AU9999.SHG,黄金现货
2024-07-31,3.3436347139741,510300.SH,沪深300ETF
2024-07-31,2.8236961339136,510880.SH,红利
2024-07-31,0.3,512170.SH,医疗
2024-07-31,0.94073089807939,512400.SH,有色
2024-07-31,0.3735,512480.SH,半导体
2024-07-31,0.572,512690.SH,酒
2024-07-31,0.63835903207653,512800.SH,银行
2024-07-31,0.841,512880.SH,证券
2024-07-31,563.26,AU9999.SHG,黄金现货
2024-08-01,3.3198060743363,510300.SH,沪深300ETF
2024-08-01,2.8264349274479,510880.SH,红利
2024-08-01,0.297,512170.SH,医疗
2024-08-01,0.9377941731114,512400.SH,有色
2024-08-01,0.3755,512480.SH,半导体
2024-08-01,0.559,512690.SH,酒
2024-08-01,0.63935959482273,512800.SH,银行
2024-08-01,0.835,512880.SH,证券
2024-08-01,568.61,AU9999.SHG,黄金现货
2024-08-02,3.2854928332579,510300.SH,沪深300ETF
2024-08-02,2.819131478023,510880.SH,红利
2024-08-02,0.3,512170.SH,医疗
2024-08-02,0.92213163994878,512400.SH,有色
2024-08-02,0.3645,512480.SH,半导体
2024-08-02,0.556,512690.SH,酒
2024-08-02,0.63585762521103,512800.SH,银行
2024-08-02,0.819,512880.SH,证券
2024-08-02,571.17,AU9999.SHG,黄金现货
2024-08-05,3.2483201554229,510300.SH,沪深300ETF
2024-08-05,2.7817012997202,510880.SH,红利
2024-08-05,0.299,512170.SH,医疗
2024-08-05,0.89961674852753,512400.SH,有色
2024-08-05,0.347,512480.SH,半导体
2024-08-05,0.564,512690.SH,酒
2024-08-05,0.63035453010692,512800.SH,银行
2024-08-05,0.812,512880.SH,证券
2024-08-05,560.7,AU9999.SHG,黄金现货
2024-08-06,3.2483201554229,510300.SH,沪深300ETF
2024-08-06,2.771659056761,510880.SH,红利
2024-08-06,0.305,512170.SH,医疗
2024-08-06,0.89961674852753,512400.SH,有色
2024-08-06,0.35,512480.SH,半导体
2024-08-06,0.568,512690.SH,酒
2024-08-06,0.62435115362971,512800.SH,银行
2024-08-06,0.815,512880.SH,证券
2024-08-06,554.28,AU9999.SHG,黄金现货
2024-08-07,3.2416481363243,510300.SH,沪深300ETF
2024-08-07,2.7826142308984,510880.SH,红利
2024-08-07,0.302,512170.SH,医疗
2024-08-07,0.90255347349552,512400.SH,有色
2024-08-07,0.3465,512480.SH,半导体
2024-08-07,0.571,512690.SH,酒
2024-08-07,0.62535171637591,512800.SH,银行
2024-08-07,0.81,512880.SH,证券
2024-08-07,554.7,AU9999.SHG,黄金现货
2024-08-08,3.2454607186664,510300.SH,沪深300ETF
2024-08-08,2.7926564738576,510880.SH,红利
2024-08-08,0.302,512170.SH,医疗
2024-08-08,0.89374329859155,512400.SH,有色
2024-08-08,0.3485,512480.SH,半导体
2024-08-08,0.581,512690.SH,酒
2024-08-08,0.62685256049522,512800.SH,银行
2024-08-08,0.813,512880.SH,证券
2024-08-08,555.16,AU9999.SHG,黄金现货
2024-08-09,3.2340229716403,510300.SH,沪深300ETF
2024-08-09,2.7826142308984,510880.SH,红利
2024-08-09,0.296,512170.SH,医疗
2024-08-09,0.89863784020487,512400.SH,有色
2024-08-09,0.3485,512480.SH,半导体
2024-08-09,0.578,512690.SH,酒
2024-08-09,0.62985424873382,512800.SH,银行
2024-08-09,0.806,512880.SH,证券
2024-08-09,560.94,AU9999.SHG,黄金现货
2024-08-12,3.2302103892982,510300.SH,沪深300ETF
2024-08-12,2.8008728544607,510880.SH,红利
2024-08-12,0.298,512170.SH,医疗
2024-08-12,0.89863784020487,512400.SH,有色
2024-08-12,0.3455,512480.SH,半导体
2024-08-12,0.575,512690.SH,酒
2024-08-12,0.62785312324142,512800.SH,银行
2024-08-12,0.804,512880.SH,证券
2024-08-12,564.1,AU9999.SHG,黄金现货
2024-08-13,3.2349761172258,510300.SH,沪深300ETF
2024-08-13,2.8017857856388,510880.SH,红利
2024-08-13,0.296,512170.SH,医疗
2024-08-13,0.90255347349552,512400.SH,有色
2024-08-13,0.3485,512480.SH,半导体
2024-08-13,0.568,512690.SH,酒
2024-08-13,0.63085481148002,512800.SH,银行
2024-08-13,0.815,512880.SH,证券
2024-08-13,567.84,AU9999.SHG,黄金现货
2024-08-14,3.2121006231735,510300.SH,沪深300ETF
2024-08-14,2.795395267392,510880.SH,红利
2024-08-14,0.291,512170.SH,医疗
2024-08-14,0.8898276653009,512400.SH,有色
2024-08-14,0.344,512480.SH,半导体
2024-08-14,0.56,512690.SH,酒
2024-08-14,0.63035453010692,512800.SH,银行
2024-08-14,0.808,512880.SH,证券
2024-08-14,566.71,AU9999.SHG,黄金现货
2024-08-15,3.2483201554229,510300.SH,沪深300ETF
2024-08-15,2.8218702715574,510880.SH,红利
2024-08-15,0.293,512170.SH,医疗
2024-08-15,0.89863784020487,512400.SH,有色
2024-08-15,0.346,512480.SH,半导体
2024-08-15,0.563,512690.SH,酒
2024-08-15,0.63935959482273,512800.SH,银行
2024-08-15,0.817,512880.SH,证券
2024-08-15,565.66,AU9999.SHG,黄金现货
2024-08-16,3.2502264465939,510300.SH,沪深300ETF
2024-08-16,2.8264349274479,510880.SH,红利
2024-08-16,0.292,512170.SH,医疗
2024-08-16,0.89961674852753,512400.SH,有色
2024-08-16,0.345,512480.SH,半导体
2024-08-16,0.56,512690.SH,酒
2024-08-16,0.64686381541925,512800.SH,银行
2024-08-16,0.812,512880.SH,证券
2024-08-16,566.14,AU9999.SHG,黄金现货
2024-08-19,3.2588047568636,510300.SH,沪深300ETF
2024-08-19,2.8538228627914,510880.SH,红利
2024-08-19,0.289,512170.SH,医疗
2024-08-19,0.91430037336748,512400.SH,有色
2024-08-19,0.3445,512480.SH,半导体
2024-08-19,0.557,512690.SH,酒
2024-08-19,0.65787000562746,512800.SH,银行
2024-08-19,0.811,512880.SH,证券
2024-08-19,572.26,AU9999.SHG,黄金现货
2024-08-20,3.2435544274954,510300.SH,沪深300ETF
2024-08-20,2.8218702715574,510880.SH,红利
2024-08-20,0.284,512170.SH,医疗
2024-08-20,0.90353238181818,512400.SH,有色
2024-08-20,0.3385,512480.SH,半导体
2024-08-20,0.551,512690.SH,酒
2024-08-20,0.65937084974676,512800.SH,银行
2024-08-20,0.805,512880.SH,证券
2024-08-20,572.75,AU9999.SHG,黄金现货
2024-08-21,3.2292572437127,510300.SH,沪深300ETF
2024-08-21,2.7917435426795,510880.SH,红利
2024-08-21,0.281,512170.SH,医疗
2024-08-21,0.91332146504481,512400.SH,有色
2024-08-21,0.3365,512480.SH,半导体
2024-08-21,0.546,512690.SH,酒
2024-08-21,0.65536859876196,512800.SH,银行
2024-08-21,0.8,512880.SH,证券
2024-08-21,574.5,AU9999.SHG,黄金现货
2024-08-22,3.2206789334431,510300.SH,沪深300ETF
2024-08-22,2.7944823362139,510880.SH,红利
2024-08-22,0.276,512170.SH,医疗
2024-08-22,0.90059565685019,512400.SH,有色
2024-08-22,0.3315,512480.SH,半导体
2024-08-22,0.537,512690.SH,酒
2024-08-22,0.66137197523917,512800.SH,银行
2024-08-22,0.788,512880.SH,证券
2024-08-22,572.89,AU9999.SHG,黄金现货
2024-08-23,3.2340229716403,510300.SH,沪深300ETF
2024-08-23,2.7926564738576,510880.SH,红利
2024-08-23,0.274,512170.SH,医疗
2024-08-23,0.8976589318822,512400.SH,有色
2024-08-23,0.3295,512480.SH,半导体
2024-08-23,0.537,512690.SH,酒
2024-08-23,0.66487394485087,512800.SH,银行
2024-08-23,0.795,512880.SH,证券
2024-08-23,571.58,AU9999.SHG,黄金现货
2024-08-26,3.2349761172258,510300.SH,沪深300ETF
2024-08-26,2.7780495750078,510880.SH,红利
2024-08-26,0.271,512170.SH,医疗
2024-08-26,0.90940583175416,512400.SH,有色
2024-08-26,0.329,512480.SH,半导体
2024-08-26,0.533,512690.SH,酒
2024-08-26,0.66487394485087,512800.SH,银行
2024-08-26,0.795,512880.SH,证券
2024-08-26,574.89,AU9999.SHG,黄金现货
2024-08-27,3.2187726422721,510300.SH,沪深300ETF
2024-08-27,2.7844400932546,510880.SH,红利
2024-08-27,0.27,512170.SH,医疗
2024-08-27,0.89668002355954,512400.SH,有色
2024-08-27,0.3235,512480.SH,半导体
2024-08-27,0.531,512690.SH,酒
2024-08-27,0.66737535171638,512800.SH,银行
2024-08-27,0.788,512880.SH,证券
2024-08-27,573.99,AU9999.SHG,黄金现货
2024-08-28,3.1997097305618,510300.SH,沪深300ETF
2024-08-28,2.7725719879391,510880.SH,红利
2024-08-28,0.271,512170.SH,医疗
2024-08-28,0.88884875697823,512400.SH,有色
2024-08-28,0.324,512480.SH,半导体
2024-08-28,0.517,512690.SH,酒
2024-08-28,0.66287281935847,512800.SH,银行
2024-08-28,0.789,512880.SH,证券
2024-08-28,573.33,AU9999.SHG,黄金现货
2024-08-29,3.1901782747067,510300.SH,沪深300ETF
2024-08-29,2.7214478419646,510880.SH,红利
2024-08-29,0.276,512170.SH,医疗
2024-08-29,0.89570111523688,512400.SH,有色
2024-08-29,0.328,512480.SH,半导体
2024-08-29,0.529,512690.SH,酒
2024-08-29,0.64136072031514,512800.SH,银行
2024-08-29,0.794,512880.SH,证券
2024-08-29,574.9,AU9999.SHG,黄金现货
2024-08-30,3.2330698260547,510300.SH,沪深300ETF
2024-08-30,2.7296642225676,510880.SH,红利
2024-08-30,0.281,512170.SH,医疗
2024-08-30,0.90157456517286,512400.SH,有色
2024-08-30,0.34,512480.SH,半导体
2024-08-30,0.547,512690.SH,酒
2024-08-30,0.62835340461452,512800.SH,银行
2024-08-30,0.814,512880.SH,证券
2024-08-30,573.44,AU9999.SHG,黄金现货
2024-09-02,3.1758810909241,510300.SH,沪深300ETF
2024-09-02,2.7433581902394,510880.SH,红利
2024-09-02,0.272,512170.SH,医疗
2024-09-02,0.88101749039693,512400.SH,有色
2024-09-02,0.327,512480.SH,半导体
2024-09-02,0.526,512690.SH,酒
2024-09-02,0.62785312324142,512800.SH,银行
2024-09-02,0.793,512880.SH,证券
2024-09-02,570.7,AU9999.SHG,黄金现货
2024-09-03,3.1873188379502,510300.SH,沪深300ETF
2024-09-03,2.7187090484302,510880.SH,红利
2024-09-03,0.274,512170.SH,医疗
2024-09-03,0.88395421536492,512400.SH,有色
2024-09-03,0.3295,512480.SH,半导体
2024-09-03,0.533,512690.SH,酒
2024-09-03,0.6173472144063,512800.SH,银行
2024-09-03,0.799,512880.SH,证券
2024-09-03,571.48,AU9999.SHG,黄金现货
2024-09-04,3.1673027806545,510300.SH,沪深300ETF
2024-09-04,2.7177961172521,510880.SH,红利
2024-09-04,0.277,512170.SH,医疗
2024-09-04,0.86339714058899,512400.SH,有色
2024-09-04,0.327,512480.SH,半导体
2024-09-04,0.528,512690.SH,酒
2024-09-04,0.6153460889139,512800.SH,银行
2024-09-04,0.798,512880.SH,证券
2024-09-04,567.53,AU9999.SHG,黄金现货
2024-09-05,3.173974799753,510300.SH,沪深300ETF
2024-09-05,2.7196219796083,510880.SH,红利
2024-09-05,0.279,512170.SH,医疗
2024-09-05,0.86339714058899,512400.SH,有色
2024-09-05,0.3265,512480.SH,半导体
2024-09-05,0.53,512690.SH,酒
2024-09-05,0.6143455261677,512800.SH,银行
2024-09-05,0.806,512880.SH,证券
2024-09-05,571.79,AU9999.SHG,黄金现货
2024-09-06,3.1472867233587,510300.SH,沪深300ETF
2024-09-06,2.6977116313335,510880.SH,红利
2024-09-06,0.275,512170.SH,医疗
2024-09-06,0.85850259897567,512400.SH,有色
2024-09-06,0.3215,512480.SH,半导体
2024-09-06,0.521,512690.SH,酒
2024-09-06,0.6163466516601,512800.SH,银行
2024-09-06,0.809,512880.SH,证券
2024-09-06,572.84,AU9999.SHG,黄金现货
2024-09-09,3.1082077543527,510300.SH,沪深300ETF
2024-09-09,2.6475004165371,510880.SH,红利
2024-09-09,0.275,512170.SH,医疗
2024-09-09,0.84381897413572,512400.SH,有色
2024-09-09,0.3195,512480.SH,半导体
2024-09-09,0.513,512690.SH,酒
2024-09-09,0.60484018007878,512800.SH,银行
2024-09-09,0.808,512880.SH,证券
2024-09-09,570.26,AU9999.SHG,黄金现货
2024-09-10,3.1082077543527,510300.SH,沪深300ETF
2024-09-10,2.653890934784,510880.SH,红利
2024-09-10,0.274,512170.SH,医疗
2024-09-10,0.83990334084507,512400.SH,有色
2024-09-10,0.3225,512480.SH,半导体
2024-09-10,0.516,512690.SH,酒
2024-09-10,0.60884243106359,512800.SH,银行
2024-09-10,0.805,512880.SH,证券
2024-09-10,572.72,AU9999.SHG,黄金现货
2024-09-11,3.1015357352542,510300.SH,沪深300ETF
2024-09-11,2.5954633393845,510880.SH,红利
2024-09-11,0.275,512170.SH,医疗
2024-09-11,0.84871351574904,512400.SH,有色
2024-09-11,0.3215,512480.SH,半导体
2024-09-11,0.512,512690.SH,酒
2024-09-11,0.59533483398987,512800.SH,银行
2024-09-11,0.804,512880.SH,证券
2024-09-11,575.74,AU9999.SHG,黄金现货
2024-09-12,3.0910511338135,510300.SH,沪深300ETF
2024-09-12,2.6045926511657,510880.SH,红利
2024-09-12,0.273,512170.SH,医疗
2024-09-12,0.84773460742638,512400.SH,有色
2024-09-12,0.3175,512480.SH,半导体
2024-09-12,0.502,512690.SH,酒
2024-09-12,0.59883680360158,512800.SH,银行
2024-09-12,0.803,512880.SH,证券
2024-09-12,575.0,AU9999.SHG,黄金现货
2024-09-13,3.0767539500309,510300.SH,沪深300ETF
2024-09-13,2.5972892017408,510880.SH,红利
2024-09-13,0.27,512170.SH,医疗
2024-09-13,0.84479788245839,512400.SH,有色
2024-09-13,0.3135,512480.SH,半导体
2024-09-13,0.49,512690.SH,酒
2024-09-13,0.59683567810917,512800.SH,银行
2024-09-13,0.805,512880.SH,证券
2024-09-13,582.54,AU9999.SHG,黄金现货
2024-09-18,3.086285405886,510300.SH,沪深300ETF
2024-09-18,2.6274159306186,510880.SH,红利
2024-09-18,0.269,512170.SH,医疗
2024-09-18,0.85174135723431,512400.SH,有色
2024-09-18,0.312,512480.SH,半导体
2024-09-18,0.485,512690.SH,酒
2024-09-18,0.60383961733258,512800.SH,银行
2024-09-18,0.806,512880.SH,证券
2024-09-18,581.98,AU9999.SHG,黄金现货
2024-09-19,3.1120203366948,510300.SH,沪深300ETF
2024-09-19,2.622851274728,510880.SH,红利
2024-09-19,0.273,512170.SH,医疗
2024-09-19,0.87848207426376,512400.SH,有色
2024-09-19,0.3145,512480.SH,半导体
2024-09-19,0.498,512690.SH,酒
2024-09-19,0.60433989870568,512800.SH,银行
2024-09-19,0.816,512880.SH,证券
2024-09-19,583.05,AU9999.SHG,黄金现货
2024-09-20,3.1205986469644,510300.SH,沪深300ETF
2024-09-20,2.6237642059061,510880.SH,红利
2024-09-20,0.271,512170.SH,医疗
2024-09-20,0.88937644046095,512400.SH,有色
2024-09-20,0.3125,512480.SH,半导体
2024-09-20,0.499,512690.SH,酒
2024-09-20,0.60884243106359,512800.SH,银行
2024-09-20,0.816,512880.SH,证券
2024-09-20,588.3,AU9999.SHG,黄金现货
2024-09-23,3.129176957234,510300.SH,沪深300ETF
2024-09-23,2.6520650724277,510880.SH,红利
2024-09-23,0.269,512170.SH,医疗
2024-09-23,0.88838604353393,512400.SH,有色
2024-09-23,0.3095,512480.SH,半导体
2024-09-23,0.5,512690.SH,酒
2024-09-23,0.6183477771525,512800.SH,银行
2024-09-23,0.816,512880.SH,证券
2024-09-23,592.2,AU9999.SHG,黄金现货
2024-09-24,3.2664299215476,510300.SH,沪深300ETF
2024-09-24,2.7743978502953,510880.SH,红利
2024-09-24,0.279,512170.SH,医疗
2024-09-24,0.92404033290653,512400.SH,有色
2024-09-24,0.3215,512480.SH,半导体
2024-09-24,0.53,512690.SH,酒
2024-09-24,0.64286156443444,512800.SH,银行
2024-09-24,0.866,512880.SH,证券
2024-09-24,592.0,AU9999.SHG,黄金现货
2024-09-25,3.3112277640667,510300.SH,沪深300ETF
2024-09-25,2.8163926844887,510880.SH,红利
2024-09-25,0.282,512170.SH,医疗
2024-09-25,0.93295390524968,512400.SH,有色
2024-09-25,0.3235,512480.SH,半导体
2024-09-25,0.533,512690.SH,酒
2024-09-25,0.65536859876196,512800.SH,银行
2024-09-25,0.882,512880.SH,证券
2024-09-25,595.66,AU9999.SHG,黄金现货
2024-09-26,3.4694499312616,510300.SH,沪深300ETF
2024-09-26,2.9113375270127,510880.SH,红利
2024-09-26,0.296,512170.SH,医疗
2024-09-26,0.9695985915493,512400.SH,有色
2024-09-26,0.339,512480.SH,半导体
2024-09-26,0.586,512690.SH,酒
2024-09-26,0.67988238604389,512800.SH,银行
2024-09-26,0.938,512880.SH,证券
2024-09-26,597.15,AU9999.SHG,黄金现货
2024-09-27,3.6877202703437,510300.SH,沪深300ETF
2024-09-27,2.9012952840535,510880.SH,红利
2024-09-27,0.32,512170.SH,医疗
2024-09-27,1.013176056338,512400.SH,有色
2024-09-27,0.361,512480.SH,半导体
2024-09-27,0.645,512690.SH,酒
2024-09-27,0.68938773213281,512800.SH,银行
2024-09-27,1.006,512880.SH,证券
2024-09-27,597.16,AU9999.SHG,黄金现货
2024-09-30,4.0346652634698,510300.SH,沪深300ETF
2024-09-30,3.1030530744172,510880.SH,红利
2024-09-30,0.352,512170.SH,医疗
2024-09-30,1.1072637644046,512400.SH,有色
2024-09-30,0.397,512480.SH,半导体
2024-09-30,0.71,512690.SH,酒
2024-09-30,0.70739786156443,512800.SH,银行
2024-09-30,1.107,512880.SH,证券
2024-09-30,595.25,AU9999.SHG,黄金现货
2024-10-08,4.2052783232764,510300.SH,沪深300ETF
2024-10-08,3.1076177303077,510880.SH,红利
2024-10-08,0.387,512170.SH,医疗
2024-10-08,1.13202368758,512400.SH,有色
2024-10-08,0.4365,512480.SH,半导体
2024-10-08,0.727,512690.SH,酒
2024-10-08,0.73041080472707,512800.SH,银行
2024-10-08,1.218,512880.SH,证券
2024-10-08,593.4,AU9999.SHG,黄金现货
2024-10-09,3.8335515449269,510300.SH,沪深300ETF
2024-10-09,2.87390734871,510880.SH,红利
2024-10-09,0.362,512170.SH,医疗
2024-10-09,1.0191184379001,512400.SH,有色
2024-10-09,0.48,512480.SH,半导体
2024-10-09,0.654,512690.SH,酒
2024-10-09,0.67738097917839,512800.SH,银行
2024-10-09,1.179,512880.SH,证券
2024-10-09,588.6,AU9999.SHG,黄金现货
2024-10-10,3.8945528623997,510300.SH,沪深300ETF
2024-10-10,2.9852849524402,510880.SH,红利
2024-10-10,0.36,512170.SH,医疗
2024-10-10,1.0359551856594,512400.SH,有色
2024-10-10,0.4625,512480.SH,半导体
2024-10-10,0.652,512690.SH,酒
2024-10-10,0.70639729881823,512800.SH,银行
2024-10-10,1.113,512880.SH,证券
2024-10-10,590.89,AU9999.SHG,黄金现货
2024-10-11,3.7906599935789,510300.SH,沪深300ETF
2024-10-11,2.945115980603,510880.SH,红利
2024-10-11,0.34,512170.SH,医疗
2024-10-11,1.013176056338,512400.SH,有色
2024-10-11,0.437,512480.SH,半导体
2024-10-11,0.631,512690.SH,酒
2024-10-11,0.69839279684862,512800.SH,银行
2024-10-11,1.116,512880.SH,证券
2024-10-11,597.3,AU9999.SHG,黄金现货
2024-10-14,3.8507081654661,510300.SH,沪深300ETF
2024-10-14,3.023628061921,510880.SH,红利
2024-10-14,0.343,512170.SH,医疗
2024-10-14,1.0438783610755,512400.SH,有色
2024-10-14,0.4545,512480.SH,半导体
2024-10-14,0.638,512690.SH,酒
2024-10-14,0.72340686550366,512800.SH,银行
2024-10-14,1.124,512880.SH,证券
2024-10-14,600.82,AU9999.SHG,黄金现货
2024-10-15,3.7468152966454,510300.SH,沪深300ETF
2024-10-15,2.9496806364936,510880.SH,红利
2024-10-15,0.332,512170.SH,医疗
2024-10-15,1.0082240717029,512400.SH,有色
2024-10-15,0.446,512480.SH,半导体
2024-10-15,0.615,512690.SH,酒
2024-10-15,0.70639729881823,512800.SH,银行
2024-10-15,1.087,512880.SH,证券
2024-10-15,603.26,AU9999.SHG,黄金现货
2024-10-16,3.7229866570076,510300.SH,沪深300ETF
2024-10-16,2.9935013330432,510880.SH,红利
2024-10-16,0.327,512170.SH,医疗
2024-10-16,1.0171376440461,512400.SH,有色
2024-10-16,0.437,512480.SH,半导体
2024-10-16,0.609,512690.SH,酒
2024-10-16,0.72640855374226,512800.SH,银行
2024-10-16,1.094,512880.SH,证券
2024-10-16,609.96,AU9999.SHG,黄金现货
2024-10-17,3.6820013968306,510300.SH,沪深300ETF
2024-10-17,2.9496806364936,510880.SH,红利
2024-10-17,0.324,512170.SH,医疗
2024-10-17,1.0012912932138,512400.SH,有色
2024-10-17,0.439,512480.SH,半导体
2024-10-17,0.596,512690.SH,酒
2024-10-17,0.71590264490715,512800.SH,银行
2024-10-17,1.088,512880.SH,证券
2024-10-17,612.66,AU9999.SHG,黄金现货
2024-10-18,3.8278326714139,510300.SH,沪深300ETF
2024-10-18,2.9688521912341,510880.SH,红利
2024-10-18,0.34,512170.SH,医疗
2024-10-18,1.0260512163892,512400.SH,有色
2024-10-18,0.483,512480.SH,半导体
2024-10-18,0.616,512690.SH,酒
2024-10-18,0.71990489589195,512800.SH,银行
2024-10-18,1.169,512880.SH,证券
2024-10-18,616.83,AU9999.SHG,黄金现货
2024-10-21,3.8278326714139,510300.SH,沪深300ETF
2024-10-21,2.9505935676717,510880.SH,红利
2024-10-21,0.34,512170.SH,医疗
2024-10-21,1.0508111395647,512400.SH,有色
2024-10-21,0.5035,512480.SH,半导体
2024-10-21,0.616,512690.SH,酒
2024-10-21,0.70989926842994,512800.SH,银行
2024-10-21,1.137,512880.SH,证券
2024-10-21,624.06,AU9999.SHG,黄金现货
2024-10-22,3.8507081654661,510300.SH,沪深300ETF
2024-10-22,2.9615487418091,510880.SH,红利
2024-10-22,0.344,512170.SH,医疗
2024-10-22,1.0577439180538,512400.SH,有色
2024-10-22,0.495,512480.SH,半导体
2024-10-22,0.626,512690.SH,酒
2024-10-22,0.70839842431064,512800.SH,银行
2024-10-22,1.146,512880.SH,证券
2024-10-22,625.0,AU9999.SHG,黄金现货
2024-10-23,3.8650053492488,510300.SH,沪深300ETF
2024-10-23,2.9624616729873,510880.SH,红利
2024-10-23,0.345,512170.SH,医疗
2024-10-23,1.0597247119078,512400.SH,有色
2024-10-23,0.488,512480.SH,半导体
2024-10-23,0.635,512690.SH,酒
2024-10-23,0.71140011254924,512800.SH,银行
2024-10-23,1.14,512880.SH,证券
2024-10-23,628.68,AU9999.SHG,黄金现货
2024-10-24,3.8230669434863,510300.SH,沪深300ETF
2024-10-24,2.945115980603,510880.SH,红利
2024-10-24,0.34,512170.SH,医疗
2024-10-24,1.0448687580026,512400.SH,有色
2024-10-24,0.489,512480.SH,半导体
2024-10-24,0.622,512690.SH,酒
2024-10-24,0.70889870568374,512800.SH,银行
2024-10-24,1.138,512880.SH,证券
2024-10-24,623.03,AU9999.SHG,黄金现货
2024-10-25,3.8507081654661,510300.SH,沪深300ETF
2024-10-25,2.9432901182468,510880.SH,红利
2024-10-25,0.353,512170.SH,医疗
2024-10-25,1.0488303457106,512400.SH,有色
2024-10-25,0.492,512480.SH,半导体
2024-10-25,0.627,512690.SH,酒
2024-10-25,0.70589701744513,512800.SH,银行
2024-10-25,1.147,512880.SH,证券
2024-10-25,621.5,AU9999.SHG,黄金现货
2024-10-28,3.8564270389792,510300.SH,沪深300ETF
2024-10-28,2.9624616729873,510880.SH,红利
2024-10-28,0.357,512170.SH,医疗
2024-10-28,1.0587343149808,512400.SH,有色
2024-10-28,0.4905,512480.SH,半导体
2024-10-28,0.644,512690.SH,酒
2024-10-28,0.69939335959482,512800.SH,银行
2024-10-28,1.149,512880.SH,证券
2024-10-28,624.65,AU9999.SHG,黄金现货
2024-10-29,3.8249732346573,510300.SH,沪深300ETF
2024-10-29,2.921379769972,510880.SH,红利
2024-10-29,0.348,512170.SH,医疗
2024-10-29,1.0418975672215,512400.SH,有色
2024-10-29,0.4865,512480.SH,半导体
2024-10-29,0.627,512690.SH,酒
2024-10-29,0.69889307822172,512800.SH,银行
2024-10-29,1.136,512880.SH,证券
2024-10-29,629.5,AU9999.SHG,黄金现货
2024-10-30,3.7849411200659,510300.SH,沪深300ETF
2024-10-30,2.889427178738,510880.SH,红利
2024-10-30,0.343,512170.SH,医疗
2024-10-30,1.0300128040973,512400.SH,有色
2024-10-30,0.4815,512480.SH,半导体
2024-10-30,0.618,512690.SH,酒
2024-10-30,0.69088857625211,512800.SH,银行
2024-10-30,1.133,512880.SH,证券
2024-10-30,636.75,AU9999.SHG,黄金现货
2024-10-31,3.7849411200659,510300.SH,沪深300ETF
2024-10-31,2.8720814863537,510880.SH,红利
2024-10-31,0.341,512170.SH,医疗
2024-10-31,1.0260512163892,512400.SH,有色
2024-10-31,0.493,512480.SH,半导体
2024-10-31,0.614,512690.SH,酒
2024-10-31,0.6863860438942,512800.SH,银行
2024-10-31,1.166,512880.SH,证券
2024-10-31,634.0,AU9999.SHG,黄金现货
2024-11-01,3.7925662847499,510300.SH,沪深300ETF
2024-11-01,2.8985564905191,510880.SH,红利
2024-11-01,0.336,512170.SH,医疗
2024-11-01,1.0646766965429,512400.SH,有色
2024-11-01,0.4715,512480.SH,半导体
2024-11-01,0.623,512690.SH,酒
2024-11-01,0.69589138998312,512800.SH,银行
2024-11-01,1.153,512880.SH,证券
2024-11-01,627.67,AU9999.SHG,黄金现货
2024-11-04,3.8430830007821,510300.SH,沪深300ETF
2024-11-04,2.9113375270127,510880.SH,红利
2024-11-04,0.341,512170.SH,医疗
2024-11-04,1.0656670934699,512400.SH,有色
2024-11-04,0.4795,512480.SH,半导体
2024-11-04,0.631,512690.SH,酒
2024-11-04,0.69939335959482,512800.SH,银行
2024-11-04,1.198,512880.SH,证券
2024-11-04,623.48,AU9999.SHG,黄金现货
2024-11-05,3.9431632872608,510300.SH,沪深300ETF
2024-11-05,2.9378125311781,510880.SH,红利
2024-11-05,0.352,512170.SH,医疗
2024-11-05,1.0993405889885,512400.SH,有色
2024-11-05,0.5035,512480.SH,半导体
2024-11-05,0.647,512690.SH,酒
2024-11-05,0.70489645469893,512800.SH,银行
2024-11-05,1.265,512880.SH,证券
2024-11-05,623.78,AU9999.SHG,黄金现货
2024-11-06,3.9183815020375,510300.SH,沪深300ETF
2024-11-06,2.9122504581909,510880.SH,红利
2024-11-06,0.351,512170.SH,医疗
2024-11-06,1.1092445582586,512400.SH,有色
2024-11-06,0.509,512480.SH,半导体
2024-11-06,0.643,512690.SH,酒
2024-11-06,0.69989364096792,512800.SH,银行
2024-11-06,1.257,512880.SH,证券
2024-11-06,624.69,AU9999.SHG,黄金现货
2024-11-07,4.0489624472525,510300.SH,沪深300ETF
2024-11-07,2.9752427094809,510880.SH,红利
2024-11-07,0.365,512170.SH,医疗
2024-11-07,1.1072637644046,512400.SH,有色
2024-11-07,0.5245,512480.SH,半导体
2024-11-07,0.706,512690.SH,酒
2024-11-07,0.71490208216095,512800.SH,银行
2024-11-07,1.364,512880.SH,证券
2024-11-07,610.01,AU9999.SHG,黄金现货
2024-11-08,3.9974925856349,510300.SH,沪深300ETF
2024-11-08,2.945115980603,510880.SH,红利
2024-11-08,0.363,512170.SH,医疗
2024-11-08,1.0933982074264,512400.SH,有色
2024-11-08,0.528,512480.SH,半导体
2024-11-08,0.678,512690.SH,酒
2024-11-08,0.70489645469893,512800.SH,银行
2024-11-08,1.32,512880.SH,证券
2024-11-08,612.85,AU9999.SHG,黄金现货
2024-11-11,4.0175086429306,510300.SH,沪深300ETF
2024-11-11,2.9149892517252,510880.SH,红利
2024-11-11,0.369,512170.SH,医疗
2024-11-11,1.0963693982074,512400.SH,有色
2024-11-11,0.5605,512480.SH,半导体
2024-11-11,0.674,512690.SH,酒
2024-11-11,0.69389026449071,512800.SH,银行
2024-11-11,1.321,512880.SH,证券
2024-11-11,613.3,AU9999.SHG,黄金现货
2024-11-12,3.9736639459971,510300.SH,沪深300ETF
2024-11-12,2.8967306281629,510880.SH,红利
2024-11-12,0.374,512170.SH,医疗
2024-11-12,1.0805230473752,512400.SH,有色
2024-11-12,0.547,512480.SH,半导体
2024-11-12,0.668,512690.SH,酒
2024-11-12,0.68788688801351,512800.SH,银行
2024-11-12,1.289,512880.SH,证券
2024-11-12,602.81,AU9999.SHG,黄金现货
2024-11-13,3.9984457312204,510300.SH,沪深300ETF
2024-11-13,2.9149892517252,510880.SH,红利
2024-11-13,0.368,512170.SH,医疗
2024-11-13,1.0894366197183,512400.SH,有色
2024-11-13,0.5475,512480.SH,半导体
2024-11-13,0.669,512690.SH,酒
2024-11-13,0.69138885762521,512800.SH,银行
2024-11-13,1.286,512880.SH,证券
2024-11-13,603.09,AU9999.SHG,黄金现货
2024-11-14,3.9307723946491,510300.SH,沪深300ETF
2024-11-14,2.8912530410942,510880.SH,红利
2024-11-14,0.356,512170.SH,医疗
2024-11-14,1.0537823303457,512400.SH,有色
2024-11-14,0.5255,512480.SH,半导体
2024-11-14,0.659,512690.SH,酒
2024-11-14,0.69338998311761,512800.SH,银行
2024-11-14,1.265,512880.SH,证券
2024-11-14,591.12,AU9999.SHG,黄金现货
2024-11-15,3.8650053492488,510300.SH,沪深300ETF
2024-11-15,2.8939918346285,510880.SH,红利
2024-11-15,0.347,512170.SH,医疗
2024-11-15,1.0359551856594,512400.SH,有色
2024-11-15,0.504,512480.SH,半导体
2024-11-15,0.652,512690.SH,酒
2024-11-15,0.69238942037141,512800.SH,银行
2024-11-15,1.215,512880.SH,证券
2024-11-15,591.97,AU9999.SHG,黄金现货
2024-11-18,3.8488018742951,510300.SH,沪深300ETF
2024-11-18,2.9378125311781,510880.SH,红利
2024-11-18,0.342,512170.SH,医疗
2024-11-18,1.0171376440461,512400.SH,有色
2024-11-18,0.4915,512480.SH,半导体
2024-11-18,0.642,512690.SH,酒
2024-11-18,0.70539673607203,512800.SH,银行
2024-11-18,1.199,512880.SH,证券
2024-11-18,598.77,AU9999.SHG,黄金现货
2024-11-19,3.8678647860054,510300.SH,沪深300ETF
2024-11-19,2.9295961505751,510880.SH,红利
2024-11-19,0.347,512170.SH,医疗
2024-11-19,1.0518015364917,512400.SH,有色
2024-11-19,0.5085,512480.SH,半导体
2024-11-19,0.643,512690.SH,酒
2024-11-19,0.70289532920653,512800.SH,银行
2024-11-19,1.225,512880.SH,证券
2024-11-19,607.3,AU9999.SHG,黄金现货
2024-11-20,3.8773962418605,510300.SH,沪深300ETF
2024-11-20,2.9350737376438,510880.SH,红利
2024-11-20,0.354,512170.SH,医疗
2024-11-20,1.0577439180538,512400.SH,有色
2024-11-20,0.5085,512480.SH,半导体
2024-11-20,0.645,512690.SH,酒
2024-11-20,0.69989364096792,512800.SH,银行
2024-11-20,1.225,512880.SH,证券
2024-11-20,608.0,AU9999.SHG,黄金现货
2024-11-21,3.882161969788,510300.SH,沪深300ETF
2024-11-21,2.9378125311781,510880.SH,红利
2024-11-21,0.35,512170.SH,医疗
2024-11-21,1.0597247119078,512400.SH,有色
2024-11-21,0.511,512480.SH,半导体
2024-11-21,0.642,512690.SH,酒
2024-11-21,0.69839279684862,512800.SH,银行
2024-11-21,1.237,512880.SH,证券
2024-11-21,616.42,AU9999.SHG,黄金现货
2024-11-22,3.7677844995267,510300.SH,沪深300ETF
2024-11-22,2.8684297616413,510880.SH,红利
2024-11-22,0.335,512170.SH,医疗
2024-11-22,1.0319935979513,512400.SH,有色
2024-11-22,0.4895,512480.SH,半导体
2024-11-22,0.62,512690.SH,酒
2024-11-22,0.6828840742825,512800.SH,银行
2024-11-22,1.178,512880.SH,证券
2024-11-22,623.91,AU9999.SHG,黄金现货
2024-11-25,3.7468152966454,510300.SH,沪深300ETF
2024-11-25,2.87390734871,510880.SH,红利
2024-11-25,0.334,512170.SH,医疗
2024-11-25,1.0280320102433,512400.SH,有色
2024-11-25,0.484,512480.SH,半导体
2024-11-25,0.622,512690.SH,酒
2024-11-25,0.6843849184018,512800.SH,银行
2024-11-25,1.167,512880.SH,证券
2024-11-25,616.51,AU9999.SHG,黄金现货
2024-11-26,3.7391901319613,510300.SH,沪深300ETF
2024-11-26,2.8839495916693,510880.SH,红利
2024-11-26,0.333,512170.SH,医疗
2024-11-26,1.013176056338,512400.SH,有色
2024-11-26,0.4795,512480.SH,半导体
2024-11-26,0.625,512690.SH,酒
2024-11-26,0.69038829487901,512800.SH,银行
2024-11-26,1.167,512880.SH,证券
2024-11-26,607.0,AU9999.SHG,黄金现货
2024-11-27,3.800191449434,510300.SH,沪深300ETF
2024-11-27,2.9113375270127,510880.SH,红利
2024-11-27,0.339,512170.SH,医疗
2024-11-27,1.0240704225352,512400.SH,有色
2024-11-27,0.495,512480.SH,半导体
2024-11-27,0.636,512690.SH,酒
2024-11-27,0.69689195272932,512800.SH,银行
2024-11-27,1.196,512880.SH,证券
2024-11-27,613.8,AU9999.SHG,黄金现货
2024-11-28,3.7725502274542,510300.SH,沪深300ETF
2024-11-28,2.9085987334784,510880.SH,红利
2024-11-28,0.335,512170.SH,医疗
2024-11-28,1.00921446863,512400.SH,有色
2024-11-28,0.494,512480.SH,半导体
2024-11-28,0.628,512690.SH,酒
2024-11-28,0.69639167135622,512800.SH,银行
2024-11-28,1.184,512880.SH,证券
2024-11-28,611.77,AU9999.SHG,黄金现货
2024-11-29,3.8135354876312,510300.SH,沪深300ETF
2024-11-29,2.9222927011501,510880.SH,红利
2024-11-29,0.341,512170.SH,医疗
2024-11-29,1.0210992317542,512400.SH,有色
2024-11-29,0.5025,512480.SH,半导体
2024-11-29,0.637,512690.SH,酒
2024-11-29,0.69739223410242,512800.SH,银行
2024-11-29,1.216,512880.SH,证券
2024-11-29,614.88,AU9999.SHG,黄金现货
2024-12-02,3.8421298551965,510300.SH,沪深300ETF
2024-12-02,2.9295961505751,510880.SH,红利
2024-12-02,0.347,512170.SH,医疗
2024-12-02,1.0310032010243,512400.SH,有色
2024-12-02,0.507,512480.SH,半导体
2024-12-02,0.64,512690.SH,酒
2024-12-02,0.69389026449071,512800.SH,银行
2024-12-02,1.23,512880.SH,证券
2024-12-02,613.18,AU9999.SHG,黄金现货
2024-12-03,3.8459424375386,510300.SH,沪深300ETF
2024-12-03,2.9588099482748,510880.SH,红利
2024-12-03,0.347,512170.SH,医疗
2024-12-03,1.0300128040973,512400.SH,有色
2024-12-03,0.5005,512480.SH,半导体
2024-12-03,0.638,512690.SH,酒
2024-12-03,0.70489645469893,512800.SH,银行
2024-12-03,1.229,512880.SH,证券
2024-12-03,616.72,AU9999.SHG,黄金现货
2024-12-04,3.8259263802428,510300.SH,沪深300ETF
2024-12-04,2.9816332277277,510880.SH,红利
2024-12-04,0.341,512170.SH,医疗
2024-12-04,1.0310032010243,512400.SH,有色
2024-12-04,0.5015,512480.SH,半导体
2024-12-04,0.631,512690.SH,酒
2024-12-04,0.70439617332583,512800.SH,银行
2024-12-04,1.214,512880.SH,证券
2024-12-04,615.86,AU9999.SHG,黄金现货
2024-12-05,3.8192543611443,510300.SH,沪深300ETF
2024-12-05,2.9752427094809,510880.SH,红利
2024-12-05,0.341,512170.SH,医疗
2024-12-05,1.0240704225352,512400.SH,有色
2024-12-05,0.501,512480.SH,半导体
2024-12-05,0.63,512690.SH,酒
2024-12-05,0.70439617332583,512800.SH,银行
2024-12-05,1.228,512880.SH,证券
2024-12-05,616.0,AU9999.SHG,黄金现货
2024-12-06,3.8669116404198,510300.SH,沪深300ETF
2024-12-06,3.0144987501399,510880.SH,红利
2024-12-06,0.352,512170.SH,医疗
2024-12-06,1.0339743918054,512400.SH,有色
2024-12-06,0.5065,512480.SH,半导体
2024-12-06,0.636,512690.SH,酒
2024-12-06,0.71190039392234,512800.SH,银行
2024-12-06,1.244,512880.SH,证券
2024-12-06,614.09,AU9999.SHG,黄金现货
2024-12-09,3.8640522036633,510300.SH,沪深300ETF
2024-12-09,3.0218021995648,510880.SH,红利
2024-12-09,0.353,512170.SH,医疗
2024-12-09,1.0329839948784,512400.SH,有色
2024-12-09,0.498,512480.SH,半导体
2024-12-09,0.634,512690.SH,酒
2024-12-09,0.71490208216095,512800.SH,银行
2024-12-09,1.232,512880.SH,证券
2024-12-09,617.26,AU9999.SHG,黄金现货
2024-12-10,3.8935997168142,510300.SH,沪深300ETF
2024-12-10,3.0181504748523,510880.SH,红利
2024-12-10,0.354,512170.SH,医疗
2024-12-10,1.0379359795134,512400.SH,有色
2024-12-10,0.503,512480.SH,半导体
2024-12-10,0.646,512690.SH,酒
2024-12-10,0.72190602138436,512800.SH,银行
2024-12-10,1.244,512880.SH,证券
2024-12-10,619.63,AU9999.SHG,黄金现货
2024-12-11,3.884068260959,510300.SH,沪深300ETF
2024-12-11,3.0300185801679,510880.SH,红利
2024-12-11,0.355,512170.SH,医疗
2024-12-11,1.0508111395647,512400.SH,有色
2024-12-11,0.504,512480.SH,半导体
2024-12-11,0.653,512690.SH,酒
2024-12-11,0.71490208216095,512800.SH,银行
2024-12-11,1.241,512880.SH,证券
2024-12-11,624.79,AU9999.SHG,黄金现货
2024-12-12,3.9241003755505,510300.SH,沪深300ETF
2024-12-12,3.0354961672366,510880.SH,红利
2024-12-12,0.358,512170.SH,医疗
2024-12-12,1.0567535211268,512400.SH,有色
2024-12-12,0.5065,512480.SH,半导体
2024-12-12,0.669,512690.SH,酒
2024-12-12,0.72390714687676,512800.SH,银行
2024-12-12,1.259,512880.SH,证券
2024-12-12,628.83,AU9999.SHG,黄金现货
2024-12-13,3.8316452537559,510300.SH,沪深300ETF
2024-12-13,3.0017177136463,510880.SH,红利
2024-12-13,0.348,512170.SH,医疗
2024-12-13,1.0270416133163,512400.SH,有色
2024-12-13,0.4995,512480.SH,半导体
2024-12-13,0.647,512690.SH,酒
2024-12-13,0.70839842431064,512800.SH,银行
2024-12-13,1.219,512880.SH,证券
2024-12-13,622.43,AU9999.SHG,黄金现货
2024-12-16,3.8087697597036,510300.SH,沪深300ETF
2024-12-16,3.0281927178116,510880.SH,红利
2024-12-16,0.344,512170.SH,医疗
2024-12-16,1.011195262484,512400.SH,有色
2024-12-16,0.49,512480.SH,半导体
2024-12-16,0.634,512690.SH,酒
2024-12-16,0.71490208216095,512800.SH,银行
2024-12-16,1.201,512880.SH,证券
2024-12-16,618.34,AU9999.SHG,黄金现货
2024-12-17,3.8192543611443,510300.SH,沪深300ETF
2024-12-17,3.023628061921,510880.SH,红利
2024-12-17,0.34,512170.SH,医疗
2024-12-17,1.0042624839949,512400.SH,有色
2024-12-17,0.485,512480.SH,半导体
2024-12-17,0.636,512690.SH,酒
2024-12-17,0.71440180078784,512800.SH,银行
2024-12-17,1.203,512880.SH,证券
2024-12-17,618.21,AU9999.SHG,黄金现货
2024-12-18,3.835457836098,510300.SH,沪深300ETF
2024-12-18,3.0418866854834,510880.SH,红利
2024-12-18,0.341,512170.SH,医疗
2024-12-18,0.99931049935979,512400.SH,有色
2024-12-18,0.4995,512480.SH,半导体
2024-12-18,0.634,512690.SH,酒
2024-12-18,0.72340686550366,512800.SH,银行
2024-12-18,1.202,512880.SH,证券
2024-12-18,616.5,AU9999.SHG,黄金现货
2024-12-19,3.841176709611,510300.SH,沪深300ETF
2024-12-19,3.0053694383587,510880.SH,红利
2024-12-19,0.338,512170.SH,医疗
2024-12-19,0.99534891165173,512400.SH,有色
2024-12-19,0.509,512480.SH,半导体
2024-12-19,0.625,512690.SH,酒
2024-12-19,0.71590264490715,512800.SH,银行
2024-12-19,1.198,512880.SH,证券
2024-12-19,614.53,AU9999.SHG,黄金现货
2024-12-20,3.8297389625849,510300.SH,沪深300ETF
2024-12-20,2.9798073653715,510880.SH,红利
2024-12-20,0.338,512170.SH,医疗
2024-12-20,0.98940653008963,512400.SH,有色
2024-12-20,0.526,512480.SH,半导体
2024-12-20,0.626,512690.SH,酒
2024-12-20,0.71440180078784,512800.SH,银行
2024-12-20,1.203,512880.SH,证券
2024-12-20,611.83,AU9999.SHG,黄金现货
2024-12-23,3.8335515449269,510300.SH,沪深300ETF
2024-12-23,2.9925884018651,510880.SH,红利
2024-12-23,0.335,512170.SH,医疗
2024-12-23,0.98643533930858,512400.SH,有色
2024-12-23,0.517,512480.SH,半导体
2024-12-23,0.619,512690.SH,酒
2024-12-23,0.72690883511536,512800.SH,银行
2024-12-23,1.188,512880.SH,证券
2024-12-23,618.4,AU9999.SHG,黄金现货
2024-12-24,3.878349387446,510300.SH,沪深300ETF
2024-12-24,3.0227151307429,510880.SH,红利
2024-12-24,0.338,512170.SH,医疗
2024-12-24,0.99435851472471,512400.SH,有色
2024-12-24,0.525,512480.SH,半导体
2024-12-24,0.624,512690.SH,酒
2024-12-24,0.73591389983118,512800.SH,银行
2024-12-24,1.209,512880.SH,证券
2024-12-24,616.34,AU9999.SHG,黄金现货
2024-12-25,3.8812088242025,510300.SH,沪深300ETF
2024-12-25,3.0364090984147,510880.SH,红利
2024-12-25,0.336,512170.SH,医疗
2024-12-25,0.98445454545455,512400.SH,有色
2024-12-25,0.524,512480.SH,半导体
2024-12-25,0.62,512690.SH,酒
2024-12-25,0.74441868317389,512800.SH,银行
2024-12-25,1.201,512880.SH,证券
2024-12-25,616.8,AU9999.SHG,黄金现货
2024-12-26,3.882161969788,510300.SH,沪深300ETF
2024-12-26,3.0272797866335,510880.SH,红利
2024-12-26,0.334,512170.SH,医疗
2024-12-26,0.98841613316261,512400.SH,有色
2024-12-26,0.534,512480.SH,半导体
2024-12-26,0.621,512690.SH,酒
2024-12-26,0.74391840180079,512800.SH,银行
2024-12-26,1.204,512880.SH,证券
2024-12-26,618.07,AU9999.SHG,黄金现货
2024-12-27,3.876443096275,510300.SH,沪深300ETF
2024-12-27,3.0263668554554,510880.SH,红利
2024-12-27,0.335,512170.SH,医疗
2024-12-27,0.98346414852753,512400.SH,有色
2024-12-27,0.528,512480.SH,半导体
2024-12-27,0.622,512690.SH,酒
2024-12-27,0.74191727630838,512800.SH,银行
2024-12-27,1.213,512880.SH,证券
2024-12-27,618.55,AU9999.SHG,黄金现货
2024-12-30,3.8945528623997,510300.SH,沪深300ETF
2024-12-30,3.0692746208269,510880.SH,红利
2024-12-30,0.333,512170.SH,医疗
2024-12-30,0.98643533930858,512400.SH,有色
2024-12-30,0.5285,512480.SH,半导体
2024-12-30,0.617,512690.SH,酒
2024-12-30,0.7514226223973,512800.SH,银行
2024-12-30,1.225,512880.SH,证券
2024-12-30,616.5,AU9999.SHG,黄金现货
2024-12-31,3.8335515449269,510300.SH,沪深300ETF
2024-12-31,3.0592323778676,510880.SH,红利
2024-12-31,0.327,512170.SH,医疗
2024-12-31,0.9636562099872,512400.SH,有色
2024-12-31,0.5045,512480.SH,半导体
2024-12-31,0.616,512690.SH,酒
2024-12-31,0.74291783905459,512800.SH,银行
2024-12-31,1.17,512880.SH,证券
2024-12-31,614.8,AU9999.SHG,黄金现货
2025-01-02,3.7258460937641,510300.SH,沪深300ETF
2025-01-02,2.9935013330432,510880.SH,红利
2025-01-02,0.319,512170.SH,医疗
2025-01-02,0.95375224071703,512400.SH,有色
2025-01-02,0.482,512480.SH,半导体
2025-01-02,0.6,512690.SH,酒
2025-01-02,0.72590827236916,512800.SH,银行
2025-01-02,1.106,512880.SH,证券
2025-01-02,621.99,AU9999.SHG,黄金现货
2025-01-03,3.6877202703437,510300.SH,沪深300ETF
2025-01-03,2.9652004665216,510880.SH,红利
2025-01-03,0.315,512170.SH,医疗
2025-01-03,0.96266581306018,512400.SH,有色
2025-01-03,0.471,512480.SH,半导体
2025-01-03,0.592,512690.SH,酒
2025-01-03,0.72140574001125,512800.SH,银行
2025-01-03,1.076,512880.SH,证券
2025-01-03,626.87,AU9999.SHG,黄金现货
2025-01-06,3.6724699409755,510300.SH,沪深300ETF
2025-01-06,2.9652004665216,510880.SH,红利
2025-01-06,0.315,512170.SH,医疗
2025-01-06,0.97157938540333,512400.SH,有色
2025-01-06,0.4675,512480.SH,半导体
2025-01-06,0.575,512690.SH,酒
2025-01-06,0.72790939786156,512800.SH,银行
2025-01-06,1.077,512880.SH,证券
2025-01-06,624.32,AU9999.SHG,黄金现货
2025-01-07,3.6982048717843,510300.SH,沪深300ETF
2025-01-07,2.952419430028,510880.SH,红利
2025-01-07,0.313,512170.SH,医疗
2025-01-07,0.99039692701665,512400.SH,有色
2025-01-07,0.4885,512480.SH,半导体
2025-01-07,0.579,512690.SH,酒
2025-01-07,0.73241193021947,512800.SH,银行
2025-01-07,1.089,512880.SH,证券
2025-01-07,625.0,AU9999.SHG,黄金现货
2025-01-08,3.6924859982712,510300.SH,沪深300ETF
2025-01-08,2.9469418429593,510880.SH,红利
2025-01-08,0.309,512170.SH,医疗
2025-01-08,0.97455057618438,512400.SH,有色
2025-01-08,0.4885,512480.SH,半导体
2025-01-08,0.575,512690.SH,酒
2025-01-08,0.73791502532358,512800.SH,银行
2025-01-08,1.077,512880.SH,证券
2025-01-08,628.35,AU9999.SHG,黄金现货
2025-01-09,3.6848608335872,510300.SH,沪深300ETF
2025-01-09,2.9067728711222,510880.SH,红利
2025-01-09,0.308,512170.SH,医疗
2025-01-09,0.9814833546735,512400.SH,有色
2025-01-09,0.49,512480.SH,半导体
2025-01-09,0.578,512690.SH,酒
2025-01-09,0.73291221159257,512800.SH,银行
2025-01-09,1.073,512880.SH,证券
2025-01-09,630.37,AU9999.SHG,黄金现货
2025-01-10,3.6438755734102,510300.SH,沪深300ETF
2025-01-10,2.8766461422443,510880.SH,红利
2025-01-10,0.304,512170.SH,医疗
2025-01-10,0.97752176696543,512400.SH,有色
2025-01-10,0.4875,512480.SH,半导体
2025-01-10,0.567,512690.SH,酒
2025-01-10,0.72840967923467,512800.SH,银行
2025-01-10,1.054,512880.SH,证券
2025-01-10,633.82,AU9999.SHG,黄金现货
2025-01-13,3.6295783896275,510300.SH,沪深300ETF
2025-01-13,2.8519970004352,510880.SH,红利
2025-01-13,0.305,512170.SH,医疗
2025-01-13,1.0003008962868,512400.SH,有色
2025-01-13,0.4855,512480.SH,半导体
2025-01-13,0.572,512690.SH,酒
2025-01-13,0.71840405177265,512800.SH,银行
2025-01-13,1.057,512880.SH,证券
2025-01-13,636.9,AU9999.SHG,黄金现货
2025-01-14,3.7229866570076,510300.SH,沪深300ETF
2025-01-14,2.897643559341,510880.SH,红利
2025-01-14,0.315,512170.SH,医疗
2025-01-14,1.0151568501921,512400.SH,有色
2025-01-14,0.505,512480.SH,半导体
2025-01-14,0.587,512690.SH,酒
2025-01-14,0.72991052335397,512800.SH,银行
2025-01-14,1.103,512880.SH,证券
2025-01-14,632.44,AU9999.SHG,黄金现货
2025-01-15,3.7010643085409,510300.SH,沪深300ETF
2025-01-15,2.905859939944,510880.SH,红利
2025-01-15,0.31,512170.SH,医疗
2025-01-15,1.0042624839949,512400.SH,有色
2025-01-15,0.5045,512480.SH,半导体
2025-01-15,0.584,512690.SH,酒
2025-01-15,0.73591389983118,512800.SH,银行
2025-01-15,1.09,512880.SH,证券
2025-01-15,634.5,AU9999.SHG,黄金现货
2025-01-16,3.7029705997119,510300.SH,沪深300ETF
2025-01-16,2.9332478752875,510880.SH,红利
2025-01-16,0.311,512170.SH,医疗
2025-01-16,1.0220896286812,512400.SH,有色
2025-01-16,0.494,512480.SH,半导体
2025-01-16,0.582,512690.SH,酒
2025-01-16,0.74291783905459,512800.SH,银行
2025-01-16,1.092,512880.SH,证券
2025-01-16,637.04,AU9999.SHG,黄金现货
2025-01-17,3.7153614923235,510300.SH,沪深300ETF
2025-01-17,2.9177280452596,510880.SH,红利
2025-01-17,0.311,512170.SH,医疗
2025-01-17,1.0270416133163,512400.SH,有色
2025-01-17,0.5055,512480.SH,半导体
2025-01-17,0.586,512690.SH,酒
2025-01-17,0.73891558806978,512800.SH,银行
2025-01-17,1.094,512880.SH,证券
2025-01-17,637.63,AU9999.SHG,黄金现货
2025-01-20,3.7334712584482,510300.SH,沪深300ETF
2025-01-20,2.9076858023003,510880.SH,红利
2025-01-20,0.314,512170.SH,医疗
2025-01-20,1.0171376440461,512400.SH,有色
2025-01-20,0.505,512480.SH,半导体
2025-01-20,0.591,512690.SH,酒
2025-01-20,0.73591389983118,512800.SH,银行
2025-01-20,1.099,512880.SH,证券
2025-01-20,637.5,AU9999.SHG,黄金现货
2025-01-21,3.7382369863758,510300.SH,沪深300ETF
2025-01-21,2.8924457569164,510880.SH,红利
2025-01-21,0.313,512170.SH,医疗
2025-01-21,1.011195262484,512400.SH,有色
2025-01-21,0.512,512480.SH,半导体
2025-01-21,0.584,512690.SH,酒
2025-01-21,0.73591389983118,512800.SH,银行
2025-01-21,1.103,512880.SH,证券
2025-01-21,639.0,AU9999.SHG,黄金现货
2025-01-22,3.7039237452974,510300.SH,沪深300ETF
2025-01-22,2.869512589369,510880.SH,红利
2025-01-22,0.31,512170.SH,医疗
2025-01-22,1.011195262484,512400.SH,有色
2025-01-22,0.511,512480.SH,半导体
2025-01-22,0.573,512690.SH,酒
2025-01-22,0.72190602138436,512800.SH,银行
2025-01-22,1.097,512880.SH,证券
2025-01-22,643.48,AU9999.SHG,黄金现货
2025-01-23,3.714408346738,510300.SH,沪深300ETF
2025-01-23,2.9163344731116,510880.SH,红利
2025-01-23,0.31,512170.SH,医疗
2025-01-23,1.0042624839949,512400.SH,有色
2025-01-23,0.504,512480.SH,半导体
2025-01-23,0.576,512690.SH,酒
2025-01-23,0.73991615081598,512800.SH,银行
2025-01-23,1.101,512880.SH,证券
2025-01-23,644.02,AU9999.SHG,黄金现货
2025-01-24,3.7449090054744,510300.SH,沪深300ETF
2025-01-24,2.9306677028287,510880.SH,红利
2025-01-24,0.312,512170.SH,医疗
2025-01-24,1.014166453265,512400.SH,有色
2025-01-24,0.509,512480.SH,半导体
2025-01-24,0.575,512690.SH,酒
2025-01-24,0.74191727630838,512800.SH,银行
2025-01-24,1.114,512880.SH,证券
2025-01-24,645.51,AU9999.SHG,黄金现货
2025-01-27,3.7239398025931,510300.SH,沪深300ETF
2025-01-27,2.9669785514454,510880.SH,红利
2025-01-27,0.311,512170.SH,医疗
2025-01-27,1.010204865557,512400.SH,有色
2025-01-27,0.495,512480.SH,半导体
2025-01-27,0.57,512690.SH,酒
2025-01-27,0.7519229037704,512800.SH,银行
2025-01-27,1.086,512880.SH,证券
2025-01-27,643.1,AU9999.SHG,黄金现货
2025-02-05,3.7048768908829,510300.SH,沪深300ETF
2025-02-05,2.9077345352813,510880.SH,红利
2025-02-05,0.313,512170.SH,医疗
2025-02-05,1.0220896286812,512400.SH,有色
2025-02-05,0.5085,512480.SH,半导体
2025-02-05,0.56,512690.SH,酒
2025-02-05,0.74041643218908,512800.SH,银行
2025-02-05,1.086,512880.SH,证券
2025-02-05,667.87,AU9999.SHG,黄金现货
2025-02-06,3.7477684422309,510300.SH,沪深300ETF
2025-02-06,2.9058234379857,510880.SH,红利
2025-02-06,0.319,512170.SH,医疗
2025-02-06,1.0349647887324,512400.SH,有色
2025-02-06,0.53,512480.SH,半导体
2025-02-06,0.563,512690.SH,酒
2025-02-06,0.74041643218908,512800.SH,银行
2025-02-06,1.104,512880.SH,证券
2025-02-06,667.38,AU9999.SHG,黄金现货
2025-02-07,3.8011445950196,510300.SH,沪深300ETF
2025-02-07,2.9182455704072,510880.SH,红利
2025-02-07,0.328,512170.SH,医疗
2025-02-07,1.0478399487836,512400.SH,有色
2025-02-07,0.531,512480.SH,半导体
2025-02-07,0.571,512690.SH,酒
2025-02-07,0.73791502532358,512800.SH,银行
2025-02-07,1.128,512880.SH,证券
2025-02-07,668.99,AU9999.SHG,黄金现货
2025-02-10,3.8049571773616,510300.SH,沪深300ETF
2025-02-10,2.9115567298726,510880.SH,红利
2025-02-10,0.337,512170.SH,医疗
2025-02-10,1.0498207426376,512400.SH,有色
2025-02-10,0.537,512480.SH,半导体
2025-02-10,0.572,512690.SH,酒
2025-02-10,0.73891558806978,512800.SH,银行
2025-02-10,1.13,512880.SH,证券
2025-02-10,679.65,AU9999.SHG,黄金现货
2025-02-11,3.7897068479934,510300.SH,沪深300ETF
2025-02-11,2.9239788622941,510880.SH,红利
2025-02-11,0.333,512170.SH,医疗
2025-02-11,1.0498207426376,512400.SH,有色
2025-02-11,0.5305,512480.SH,半导体
2025-02-11,0.565,512690.SH,酒
2025-02-11,0.74541924592009,512800.SH,银行
2025-02-11,1.12,512880.SH,证券
2025-02-11,683.52,AU9999.SHG,黄金现货
2025-02-12,3.8259263802428,510300.SH,沪深300ETF
2025-02-12,2.9258899595897,510880.SH,红利
2025-02-12,0.334,512170.SH,医疗
2025-02-12,1.0438783610755,512400.SH,有色
2025-02-12,0.5485,512480.SH,半导体
2025-02-12,0.573,512690.SH,酒
2025-02-12,0.7504220596511,512800.SH,银行
2025-02-12,1.139,512880.SH,证券
2025-02-12,680.21,AU9999.SHG,黄金现货
2025-02-13,3.8163949243877,510300.SH,沪深300ETF
2025-02-13,2.9287566055331,510880.SH,红利
2025-02-13,0.333,512170.SH,医疗
2025-02-13,1.0369455825864,512400.SH,有色
2025-02-13,0.5315,512480.SH,半导体
2025-02-13,0.591,512690.SH,酒
2025-02-13,0.7514226223973,512800.SH,银行
2025-02-13,1.131,512880.SH,证券
2025-02-13,683.86,AU9999.SHG,黄金现货
2025-02-14,3.8449892919531,510300.SH,沪深300ETF
2025-02-14,2.9316232514765,510880.SH,红利
2025-02-14,0.349,512170.SH,医疗
2025-02-14,1.0448687580026,512400.SH,有色
2025-02-14,0.531,512480.SH,半导体
2025-02-14,0.588,512690.SH,酒
2025-02-14,0.754924592009,512800.SH,银行
2025-02-14,1.133,512880.SH,证券
2025-02-14,686.58,AU9999.SHG,黄金现货
2025-02-17,3.8516613110517,510300.SH,沪深300ETF
2025-02-17,2.919201119055,510880.SH,红利
2025-02-17,0.355,512170.SH,医疗
2025-02-17,1.0201088348271,512400.SH,有色
2025-02-17,0.538,512480.SH,半导体
2025-02-17,0.591,512690.SH,酒
2025-02-17,0.7534237478897,512800.SH,银行
2025-02-17,1.139,512880.SH,证券
2025-02-17,676.28,AU9999.SHG,黄金现货
2025-02-18,3.8240200890718,510300.SH,沪深300ETF
2025-02-18,2.9172900217594,510880.SH,红利
2025-02-18,0.345,512170.SH,医疗
2025-02-18,1.011195262484,512400.SH,有色
2025-02-18,0.527,512480.SH,半导体
2025-02-18,0.584,512690.SH,酒
2025-02-18,0.76142824985931,512800.SH,银行
2025-02-18,1.108,512880.SH,证券
2025-02-18,682.85,AU9999.SHG,黄金现货
2025-02-19,3.8440361463676,510300.SH,沪深300ETF
2025-02-19,2.9000901460988,510880.SH,红利
2025-02-19,0.349,512170.SH,医疗
2025-02-19,1.0201088348271,512400.SH,有色
2025-02-19,0.5505,512480.SH,半导体
2025-02-19,0.589,512690.SH,酒
2025-02-19,0.75742599887451,512800.SH,银行
2025-02-19,1.122,512880.SH,证券
2025-02-19,686.9,AU9999.SHG,黄金现货
2025-02-20,3.8325983993414,510300.SH,沪深300ETF
2025-02-20,2.8876680136773,510880.SH,红利
2025-02-20,0.36,512170.SH,医疗
2025-02-20,1.0250608194622,512400.SH,有色
2025-02-20,0.548,512480.SH,半导体
2025-02-20,0.587,512690.SH,酒
2025-02-20,0.75792628024761,512800.SH,银行
2025-02-20,1.119,512880.SH,证券
2025-02-20,689.18,AU9999.SHG,黄金现货
2025-02-21,3.884068260959,510300.SH,沪深300ETF
2025-02-21,2.8666459434256,510880.SH,红利
2025-02-21,0.364,512170.SH,医疗
2025-02-21,1.0210992317542,512400.SH,有色
2025-02-21,0.576,512480.SH,半导体
2025-02-21,0.589,512690.SH,酒
2025-02-21,0.74742037141249,512800.SH,银行
2025-02-21,1.141,512880.SH,证券
2025-02-21,683.47,AU9999.SHG,黄金现货
2025-02-24,3.8716773683474,510300.SH,沪深300ETF
2025-02-24,2.8628237488343,510880.SH,红利
2025-02-24,0.356,512170.SH,医疗
2025-02-24,1.0201088348271,512400.SH,有色
2025-02-24,0.578,512480.SH,半导体
2025-02-24,0.596,512690.SH,酒
2025-02-24,0.74091671356218,512800.SH,银行
2025-02-24,1.135,512880.SH,证券
2025-02-24,685.58,AU9999.SHG,黄金现货
2025-02-25,3.8325983993414,510300.SH,沪深300ETF
2025-02-25,2.8427572272303,510880.SH,红利
2025-02-25,0.349,512170.SH,医疗
2025-02-25,1.0072336747759,512400.SH,有色
2025-02-25,0.5755,512480.SH,半导体
2025-02-25,0.584,512690.SH,酒
2025-02-25,0.73541361845808,512800.SH,银行
2025-02-25,1.117,512880.SH,证券
2025-02-25,685.17,AU9999.SHG,黄金现货
2025-02-26,3.8640522036633,510300.SH,沪深300ETF
2025-02-26,2.8676014920734,510880.SH,红利
2025-02-26,0.353,512170.SH,医疗
2025-02-26,1.013176056338,512400.SH,有色
2025-02-26,0.5855,512480.SH,半导体
2025-02-26,0.591,512690.SH,酒
2025-02-26,0.73941586944288,512800.SH,银行
2025-02-26,1.149,512880.SH,证券
2025-02-26,679.3,AU9999.SHG,黄金现货
2025-02-27,3.876443096275,510300.SH,沪深300ETF
2025-02-27,2.8934013055642,510880.SH,红利
2025-02-27,0.351,512170.SH,医疗
2025-02-27,1.0082240717029,512400.SH,有色
2025-02-27,0.582,512480.SH,半导体
2025-02-27,0.605,512690.SH,酒
2025-02-27,0.7489212155318,512800.SH,银行
2025-02-27,1.144,512880.SH,证券
2025-02-27,676.52,AU9999.SHG,黄金现货
2025-02-28,3.8068634685326,510300.SH,沪深300ETF
2025-02-28,2.8762014299036,510880.SH,红利
2025-02-28,0.342,512170.SH,医疗
2025-02-28,0.99039692701665,512400.SH,有色
2025-02-28,0.5535,512480.SH,半导体
2025-02-28,0.602,512690.SH,酒
2025-02-28,0.74491896454699,512800.SH,银行
2025-02-28,1.109,512880.SH,证券
2025-02-28,670.78,AU9999.SHG,黄金现货
2025-03-03,3.794472575921,510300.SH,沪深300ETF
2025-03-03,2.8637792974821,510880.SH,红利
2025-03-03,0.346,512170.SH,医疗
2025-03-03,1.0171376440461,512400.SH,有色
2025-03-03,0.5465,512480.SH,半导体
2025-03-03,0.598,512690.SH,酒
2025-03-03,0.74341812042769,512800.SH,银行
2025-03-03,1.105,512880.SH,证券
2025-03-03,671.78,AU9999.SHG,黄金现货
2025-03-04,3.7906599935789,510300.SH,沪深300ETF
2025-03-04,2.8628237488343,510880.SH,红利
2025-03-04,0.349,512170.SH,医疗
2025-03-04,1.0201088348271,512400.SH,有色
2025-03-04,0.5615,512480.SH,半导体
2025-03-04,0.593,512690.SH,酒
2025-03-04,0.74291783905459,512800.SH,银行
2025-03-04,1.112,512880.SH,证券
2025-03-04,679.97,AU9999.SHG,黄金现货
2025-03-05,3.8068634685326,510300.SH,沪深300ETF
2025-03-05,2.8704681380168,510880.SH,红利
2025-03-05,0.345,512170.SH,医疗
2025-03-05,1.0300128040973,512400.SH,有色
2025-03-05,0.564,512480.SH,半导体
2025-03-05,0.592,512690.SH,酒
2025-03-05,0.754924592009,512800.SH,银行
2025-03-05,1.112,512880.SH,证券
2025-03-05,681.57,AU9999.SHG,黄金现货
2025-03-06,3.8592864757357,510300.SH,沪深300ETF
2025-03-06,2.8647348461299,510880.SH,红利
2025-03-06,0.353,512170.SH,医疗
2025-03-06,1.0438783610755,512400.SH,有色
2025-03-06,0.579,512480.SH,半导体
2025-03-06,0.602,512690.SH,酒
2025-03-06,0.7514226223973,512800.SH,银行
2025-03-06,1.14,512880.SH,证券
2025-03-06,679.7,AU9999.SHG,黄金现货
2025-03-07,3.8497550198806,510300.SH,沪深300ETF
2025-03-07,2.8637792974821,510880.SH,红利
2025-03-07,0.348,512170.SH,医疗
2025-03-07,1.0577439180538,512400.SH,有色
2025-03-07,0.571,512480.SH,半导体
2025-03-07,0.612,512690.SH,酒
2025-03-07,0.7514226223973,512800.SH,银行
2025-03-07,1.12,512880.SH,证券
2025-03-07,679.48,AU9999.SHG,黄金现货
2025-03-10,3.8345046905125,510300.SH,沪深300ETF
2025-03-10,2.8676014920734,510880.SH,红利
2025-03-10,0.35,512170.SH,医疗
2025-03-10,1.069628681178,512400.SH,有色
2025-03-10,0.5705,512480.SH,半导体
2025-03-10,0.613,512690.SH,酒
2025-03-10,0.74541924592009,512800.SH,银行
2025-03-10,1.111,512880.SH,证券
2025-03-10,681.99,AU9999.SHG,黄金现货
2025-03-11,3.8459424375386,510300.SH,沪深300ETF
2025-03-11,2.8876680136773,510880.SH,红利
2025-03-11,0.35,512170.SH,医疗
2025-03-11,1.0755710627401,512400.SH,有色
2025-03-11,0.566,512480.SH,半导体
2025-03-11,0.629,512690.SH,酒
2025-03-11,0.7494214969049,512800.SH,银行
2025-03-11,1.114,512880.SH,证券
2025-03-11,676.71,AU9999.SHG,黄金现货
2025-03-12,3.8364109816835,510300.SH,沪深300ETF
2025-03-12,2.8838458190861,510880.SH,红利
2025-03-12,0.346,512170.SH,医疗
2025-03-12,1.0755710627401,512400.SH,有色
2025-03-12,0.564,512480.SH,半导体
2025-03-12,0.624,512690.SH,酒
2025-03-12,0.7489212155318,512800.SH,银行
2025-03-12,1.121,512880.SH,证券
2025-03-12,679.43,AU9999.SHG,黄金现货
2025-03-13,3.8173480699732,510300.SH,沪深300ETF
2025-03-13,2.9106011812247,510880.SH,红利
2025-03-13,0.343,512170.SH,医疗
2025-03-13,1.0825038412292,512400.SH,有色
2025-03-13,0.5475,512480.SH,半导体
2025-03-13,0.623,512690.SH,酒
2025-03-13,0.7514226223973,512800.SH,银行
2025-03-13,1.114,512880.SH,证券
2025-03-13,683.77,AU9999.SHG,黄金现货
2025-03-14,3.9136157741099,510300.SH,沪深300ETF
2025-03-14,2.9316232514765,510880.SH,红利
2025-03-14,0.352,512170.SH,医疗
2025-03-14,1.0953790012804,512400.SH,有色
2025-03-14,0.5585,512480.SH,半导体
2025-03-14,0.652,512690.SH,酒
2025-03-14,0.76142824985931,512800.SH,银行
2025-03-14,1.152,512880.SH,证券
2025-03-14,692.67,AU9999.SHG,黄金现货
2025-03-17,3.9021780270838,510300.SH,沪深300ETF
2025-03-17,2.9402231893068,510880.SH,红利
2025-03-17,0.351,512170.SH,医疗
2025-03-17,1.0854750320102,512400.SH,有色
2025-03-17,0.5555,512480.SH,半导体
2025-03-17,0.652,512690.SH,酒
2025-03-17,0.76392965672482,512800.SH,银行
2025-03-17,1.139,512880.SH,证券
2025-03-17,695.4,AU9999.SHG,黄金现货
2025-03-18,3.9107563373534,510300.SH,沪深300ETF
2025-03-18,2.9287566055331,510880.SH,红利
2025-03-18,0.357,512170.SH,医疗
2025-03-18,1.1003309859155,512400.SH,有色
2025-03-18,0.5595,512480.SH,半导体
2025-03-18,0.646,512690.SH,酒
2025-03-18,0.76242881260551,512800.SH,银行
2025-03-18,1.14,512880.SH,证券
2025-03-18,700.8,AU9999.SHG,黄金现货
2025-03-19,3.9164752108664,510300.SH,沪深300ETF
2025-03-19,2.9297121541809,510880.SH,红利
2025-03-19,0.355,512170.SH,医疗
2025-03-19,1.0993405889885,512400.SH,有色
2025-03-19,0.5525,512480.SH,半导体
2025-03-19,0.641,512690.SH,酒
2025-03-19,0.77393528418683,512800.SH,银行
2025-03-19,1.139,512880.SH,证券
2025-03-19,707.7,AU9999.SHG,黄金现货
2025-03-20,3.8850214065446,510300.SH,沪深300ETF
2025-03-20,2.9249344109419,510880.SH,红利
2025-03-20,0.35,512170.SH,医疗
2025-03-20,1.0963693982074,512400.SH,有色
2025-03-20,0.547,512480.SH,半导体
2025-03-20,0.631,512690.SH,酒
2025-03-20,0.76893247045582,512800.SH,银行
2025-03-20,1.13,512880.SH,证券
2025-03-20,709.09,AU9999.SHG,黄金现货
2025-03-21,3.8221137979008,510300.SH,沪深300ETF
2025-03-21,2.919201119055,510880.SH,红利
2025-03-21,0.343,512170.SH,医疗
2025-03-21,1.070619078105,512400.SH,有色
2025-03-21,0.532,512480.SH,半导体
2025-03-21,0.622,512690.SH,酒
2025-03-21,0.75942712436691,512800.SH,银行
2025-03-21,1.111,512880.SH,证券
2025-03-21,706.55,AU9999.SHG,黄金现货
2025-03-24,3.8383172728545,510300.SH,沪深300ETF
2025-03-24,2.9411787379546,510880.SH,红利
2025-03-24,0.34,512170.SH,医疗
2025-03-24,1.0914174135723,512400.SH,有色
2025-03-24,0.536,512480.SH,半导体
2025-03-24,0.624,512690.SH,酒
2025-03-24,0.76643106359032,512800.SH,银行
2025-03-24,1.11,512880.SH,证券
2025-03-24,705.92,AU9999.SHG,黄金现货
2025-03-25,3.8402235640255,510300.SH,沪深300ETF
2025-03-25,2.9622008082064,510880.SH,红利
2025-03-25,0.341,512170.SH,医疗
2025-03-25,1.0933982074264,512400.SH,有色
2025-03-25,0.526,512480.SH,半导体
2025-03-25,0.623,512690.SH,酒
2025-03-25,0.77043331457513,512800.SH,银行
2025-03-25,1.107,512880.SH,证券
2025-03-25,704.56,AU9999.SHG,黄金现货
2025-03-26,3.8249732346573,510300.SH,沪深300ETF
2025-03-26,2.9631563568542,510880.SH,红利
2025-03-26,0.34,512170.SH,医疗
2025-03-26,1.0864654289373,512400.SH,有色
2025-03-26,0.526,512480.SH,半导体
2025-03-26,0.623,512690.SH,酒
2025-03-26,0.75892684299381,512800.SH,银行
2025-03-26,1.106,512880.SH,证券
2025-03-26,707.79,AU9999.SHG,黄金现货
2025-03-27,3.8383172728545,510300.SH,沪深300ETF
2025-03-27,2.9612452595586,510880.SH,红利
2025-03-27,0.344,512170.SH,医疗
2025-03-27,1.0755710627401,512400.SH,有色
2025-03-27,0.532,512480.SH,半导体
2025-03-27,0.629,512690.SH,酒
2025-03-27,0.76192853123241,512800.SH,银行
2025-03-27,1.107,512880.SH,证券
2025-03-27,709.29,AU9999.SHG,黄金现货
2025-03-28,3.8202075067298,510300.SH,沪深300ETF
2025-03-28,2.9450009325459,510880.SH,红利
2025-03-28,0.341,512170.SH,医疗
2025-03-28,1.0755710627401,512400.SH,有色
2025-03-28,0.524,512480.SH,半导体
2025-03-28,0.623,512690.SH,酒
2025-03-28,0.75992740574001,512800.SH,银行
2025-03-28,1.107,512880.SH,证券
2025-03-28,721.03,AU9999.SHG,黄金现货
2025-03-31,3.7973320126775,510300.SH,沪深300ETF
2025-03-31,2.9364009947156,510880.SH,红利
2025-03-31,0.336,512170.SH,医疗
2025-03-31,1.0666574903969,512400.SH,有色
2025-03-31,0.5245,512480.SH,半导体
2025-03-31,0.615,512690.SH,酒
2025-03-31,0.76242881260551,512800.SH,银行
2025-03-31,1.085,512880.SH,证券
2025-03-31,730.8,AU9999.SHG,黄金现货
2025-04-01,3.7954257215065,510300.SH,沪深300ETF
2025-04-01,2.959334162263,510880.SH,红利
2025-04-01,0.344,512170.SH,医疗
2025-04-01,1.069628681178,512400.SH,有色
2025-04-01,0.525,512480.SH,半导体
2025-04-01,0.616,512690.SH,酒
2025-04-01,0.75792628024761,512800.SH,银行
2025-04-01,1.083,512880.SH,证券
2025-04-01,735.84,AU9999.SHG,黄金现货
2025-04-02,3.7925662847499,510300.SH,沪深300ETF
2025-04-02,2.9736673919801,510880.SH,红利
2025-04-02,0.342,512170.SH,医疗
2025-04-02,1.0587343149808,512400.SH,有色
2025-04-02,0.5235,512480.SH,半导体
2025-04-02,0.616,512690.SH,酒
2025-04-02,0.76442993809792,512800.SH,银行
2025-04-02,1.088,512880.SH,证券
2025-04-02,732.5,AU9999.SHG,黄金现货
2025-04-03,3.7735033730397,510300.SH,沪深300ETF
2025-04-03,2.9784451352191,510880.SH,红利
2025-04-03,0.337,512170.SH,医疗
2025-04-03,1.0428879641485,512400.SH,有色
2025-04-03,0.5205,512480.SH,半导体
2025-04-03,0.624,512690.SH,酒
2025-04-03,0.76693134496342,512800.SH,银行
2025-04-03,1.088,512880.SH,证券
2025-04-03,738.94,AU9999.SHG,黄金现货
2025-04-07,3.5218729384647,510300.SH,沪深300ETF
2025-04-07,2.8074019272614,510880.SH,红利
2025-04-07,0.305,512170.SH,医疗
2025-04-07,0.93889628681178,512400.SH,有色
2025-04-07,0.472,512480.SH,半导体
2025-04-07,0.594,512690.SH,酒
2025-04-07,0.74291783905459,512800.SH,银行
2025-04-07,0.979,512880.SH,证券
2025-04-07,713.98,AU9999.SHG,黄金现货
2025-04-08,3.5552330339576,510300.SH,沪深300ETF
2025-04-08,2.869512589369,510880.SH,红利
2025-04-08,0.308,512170.SH,医疗
2025-04-08,0.951771446863,512400.SH,有色
2025-04-08,0.473,512480.SH,半导体
2025-04-08,0.614,512690.SH,酒
2025-04-08,0.74291783905459,512800.SH,银行
2025-04-08,0.993,512880.SH,证券
2025-04-08,717.5,AU9999.SHG,黄金现货
2025-04-09,3.589546275036,510300.SH,沪深300ETF
2025-04-09,2.8733347839602,510880.SH,红利
2025-04-09,0.309,512170.SH,医疗
2025-04-09,0.9636562099872,512400.SH,有色
2025-04-09,0.4965,512480.SH,半导体
2025-04-09,0.622,512690.SH,酒
2025-04-09,0.73641418120428,512800.SH,银行
2025-04-09,1.014,512880.SH,证券
2025-04-09,728.88,AU9999.SHG,黄金现货
2025-04-10,3.6495944469232,510300.SH,沪深300ETF
2025-04-10,2.9029567920423,510880.SH,红利
2025-04-10,0.315,512170.SH,医疗
2025-04-10,1.0003008962868,512400.SH,有色
2025-04-10,0.5025,512480.SH,半导体
2025-04-10,0.625,512690.SH,酒
2025-04-10,0.74241755768149,512800.SH,银行
2025-04-10,1.027,512880.SH,证券
2025-04-10,741.26,AU9999.SHG,黄金现货
2025-04-11,3.6600790483639,510300.SH,沪深300ETF
2025-04-11,2.8886235623251,510880.SH,红利
2025-04-11,0.315,512170.SH,医疗
2025-04-11,1.0082240717029,512400.SH,有色
2025-04-11,0.5275,512480.SH,半导体
2025-04-11,0.618,512690.SH,酒
2025-04-11,0.74441868317389,512800.SH,银行
2025-04-11,1.031,512880.SH,证券
2025-04-11,757.1,AU9999.SHG,黄金现货
2025-04-14,3.667704213048,510300.SH,沪深300ETF
2025-04-14,2.9153789244638,510880.SH,红利
2025-04-14,0.316,512170.SH,医疗
2025-04-14,1.0329839948784,512400.SH,有色
2025-04-14,0.5275,512480.SH,半导体
2025-04-14,0.612,512690.SH,酒
2025-04-14,0.74842093415869,512800.SH,银行
2025-04-14,1.031,512880.SH,证券
2025-04-14,762.47,AU9999.SHG,黄金现货
2025-04-15,3.6705636498045,510300.SH,沪深300ETF
2025-04-15,2.9297121541809,510880.SH,红利
2025-04-15,0.314,512170.SH,医疗
2025-04-15,1.0250608194622,512400.SH,有色
2025-04-15,0.521,512480.SH,半导体
2025-04-15,0.612,512690.SH,酒
2025-04-15,0.75942712436691,512800.SH,银行
2025-04-15,1.026,512880.SH,证券
2025-04-15,762.9,AU9999.SHG,黄金现货
2025-04-16,3.6791419600741,510300.SH,沪深300ETF
2025-04-16,2.9450009325459,510880.SH,红利
2025-04-16,0.31,512170.SH,医疗
2025-04-16,1.0240704225352,512400.SH,有色
2025-04-16,0.5245,512480.SH,半导体
2025-04-16,0.614,512690.SH,酒
2025-04-16,0.76643106359032,512800.SH,银行
2025-04-16,1.024,512880.SH,证券
2025-04-16,781.62,AU9999.SHG,黄金现货
2025-04-17,3.6820013968306,510300.SH,沪深300ETF
2025-04-17,2.9383120920112,510880.SH,红利
2025-04-17,0.311,512170.SH,医疗
2025-04-17,1.0191184379001,512400.SH,有色
2025-04-17,0.5275,512480.SH,半导体
2025-04-17,0.62,512690.SH,酒
2025-04-17,0.76693134496342,512800.SH,银行
2025-04-17,1.024,512880.SH,证券
2025-04-17,786.0,AU9999.SHG,黄金现货
2025-04-18,3.6915328526857,510300.SH,沪深300ETF
2025-04-18,2.9402231893068,510880.SH,红利
2025-04-18,0.31,512170.SH,医疗
2025-04-18,1.0161472471191,512400.SH,有色
2025-04-18,0.522,512480.SH,半导体
2025-04-18,0.614,512690.SH,酒
2025-04-18,0.77443556555993,512800.SH,银行
2025-04-18,1.031,512880.SH,证券
2025-04-18,788.62,AU9999.SHG,黄金现货
2025-04-21,3.6934391438568,510300.SH,沪深300ETF
2025-04-21,2.9306677028287,510880.SH,红利
2025-04-21,0.313,512170.SH,医疗
2025-04-21,1.0547727272727,512400.SH,有色
2025-04-21,0.5275,512480.SH,半导体
2025-04-21,0.608,512690.SH,酒
2025-04-21,0.76442993809792,512800.SH,银行
2025-04-21,1.037,512880.SH,证券
2025-04-21,804.11,AU9999.SHG,黄金现货
2025-04-22,3.6962985806133,510300.SH,沪深300ETF
2025-04-22,2.9402231893068,510880.SH,红利
2025-04-22,0.313,512170.SH,医疗
2025-04-22,1.0498207426376,512400.SH,有色
2025-04-22,0.5265,512480.SH,半导体
2025-04-22,0.607,512690.SH,酒
2025-04-22,0.77093359594823,512800.SH,银行
2025-04-22,1.035,512880.SH,证券
2025-04-22,825.8,AU9999.SHG,黄金现货
2025-04-23,3.7001111629553,510300.SH,沪深300ETF
2025-04-23,2.9249344109419,510880.SH,红利
2025-04-23,0.313,512170.SH,医疗
2025-04-23,1.0349647887324,512400.SH,有色
2025-04-23,0.5265,512480.SH,半导体
2025-04-23,0.605,512690.SH,酒
2025-04-23,0.76693134496342,512800.SH,银行
2025-04-23,1.036,512880.SH,证券
2025-04-23,786.99,AU9999.SHG,黄金现货
2025-04-24,3.7001111629553,510300.SH,沪深300ETF
2025-04-24,2.9373565433634,510880.SH,红利
2025-04-24,0.313,512170.SH,医疗
2025-04-24,1.0280320102433,512400.SH,有色
2025-04-24,0.5195,512480.SH,半导体
2025-04-24,0.602,512690.SH,酒
2025-04-24,0.77543612830613,512800.SH,银行
2025-04-24,1.032,512880.SH,证券
2025-04-24,792.47,AU9999.SHG,黄金现货
2025-04-25,3.7001111629553,510300.SH,沪深300ETF
2025-04-25,2.93448989742,510880.SH,红利
2025-04-25,0.314,512170.SH,医疗
2025-04-25,1.0300128040973,512400.SH,有色
2025-04-25,0.518,512480.SH,半导体
2025-04-25,0.603,512690.SH,酒
2025-04-25,0.77293472144063,512800.SH,银行
2025-04-25,1.041,512880.SH,证券
2025-04-25,785.6,AU9999.SHG,黄金现货
2025-04-28,3.6943922894423,510300.SH,沪深300ETF
2025-04-28,2.9373565433634,510880.SH,红利
2025-04-28,0.311,512170.SH,医疗
2025-04-28,1.0260512163892,512400.SH,有色
2025-04-28,0.5185,512480.SH,半导体
2025-04-28,0.601,512690.SH,酒
2025-04-28,0.77943837929094,512800.SH,银行
2025-04-28,1.033,512880.SH,证券
2025-04-28,778.4,AU9999.SHG,黄金现货
2025-04-29,3.6877202703437,510300.SH,沪深300ETF
2025-04-29,2.9258899595897,510880.SH,红利
2025-04-29,0.315,512170.SH,医疗
2025-04-29,1.0240704225352,512400.SH,有色
2025-04-29,0.5235,512480.SH,半导体
2025-04-29,0.595,512690.SH,酒
2025-04-29,0.77743725379854,512800.SH,银行
2025-04-29,1.03,512880.SH,证券
2025-04-29,780.05,AU9999.SHG,黄金现货
2025-04-30,3.6848608335872,510300.SH,沪深300ETF
2025-04-30,2.9029567920423,510880.SH,红利
2025-04-30,0.317,512170.SH,医疗
2025-04-30,1.0220896286812,512400.SH,有色
2025-04-30,0.53,512480.SH,半导体
2025-04-30,0.595,512690.SH,酒
2025-04-30,0.76042768711311,512800.SH,银行
2025-04-30,1.033,512880.SH,证券
2025-04-30,780.19,AU9999.SHG,黄金现货
2025-05-06,3.7201272202511,510300.SH,沪深300ETF
2025-05-06,2.8953124028598,510880.SH,红利
2025-05-06,0.322,512170.SH,医疗
2025-05-06,1.0468495518566,512400.SH,有色
2025-05-06,0.539,512480.SH,半导体
2025-05-06,0.597,512690.SH,酒
2025-05-06,0.75992740574001,512800.SH,银行
2025-05-06,1.048,512880.SH,证券
2025-05-06,792.2,AU9999.SHG,黄金现货
2025-05-07,3.7430027143034,510300.SH,沪深300ETF
2025-05-07,2.9134678271682,510880.SH,红利
2025-05-07,0.321,512170.SH,医疗
2025-05-07,1.0498207426376,512400.SH,有色
2025-05-07,0.536,512480.SH,半导体
2025-05-07,0.599,512690.SH,酒
2025-05-07,0.77143387732133,512800.SH,银行
2025-05-07,1.055,512880.SH,证券
2025-05-07,798.51,AU9999.SHG,黄金现货
2025-05-08,3.7649250627701,510300.SH,沪深300ETF
2025-05-08,2.9172900217594,510880.SH,红利
2025-05-08,0.322,512170.SH,医疗
2025-05-08,1.0418975672215,512400.SH,有色
2025-05-08,0.534,512480.SH,半导体
2025-05-08,0.602,512690.SH,酒
2025-05-08,0.77943837929094,512800.SH,银行
2025-05-08,1.059,512880.SH,证券
2025-05-08,786.5,AU9999.SHG,黄金现货
2025-05-09,3.7601593348426,510300.SH,沪深300ETF
2025-05-09,2.9335343487721,510880.SH,红利
2025-05-09,0.32,512170.SH,医疗
2025-05-09,1.0389263764405,512400.SH,有色
2025-05-09,0.5215,512480.SH,半导体
2025-05-09,0.603,512690.SH,酒
2025-05-09,0.78894372537985,512800.SH,银行
2025-05-09,1.046,512880.SH,证券
2025-05-09,785.5,AU9999.SHG,黄金现货
2025-05-12,3.8030508861906,510300.SH,沪深300ETF
2025-05-12,2.9459564811937,510880.SH,红利
2025-05-12,0.321,512170.SH,医疗
2025-05-12,1.0478399487836,512400.SH,有色
2025-05-12,0.525,512480.SH,半导体
2025-05-12,0.605,512690.SH,酒
2025-05-12,0.79144513224536,512800.SH,银行
2025-05-12,1.07,512880.SH,证券
2025-05-12,759.0,AU9999.SHG,黄金现货
2025-05-13,3.8068634685326,510300.SH,沪深300ETF
2025-05-13,2.9669785514454,510880.SH,红利
2025-05-13,0.326,512170.SH,医疗
2025-05-13,1.0518015364917,512400.SH,有色
2025-05-13,0.5215,512480.SH,半导体
2025-05-13,0.604,512690.SH,酒
2025-05-13,0.80295160382667,512800.SH,银行
2025-05-13,1.062,512880.SH,证券
2025-05-13,763.9,AU9999.SHG,黄金现货
2025-05-14,3.8554738933937,510300.SH,沪深300ETF
2025-05-14,2.9937339135841,510880.SH,红利
2025-05-14,0.327,512170.SH,医疗
2025-05-14,1.0597247119078,512400.SH,有色
2025-05-14,0.5235,512480.SH,半导体
2025-05-14,0.613,512690.SH,酒
2025-05-14,0.80995554305008,512800.SH,银行
2025-05-14,1.099,512880.SH,证券
2025-05-14,758.38,AU9999.SHG,黄金现货
2025-05-15,3.8230669434863,510300.SH,沪深300ETF
2025-05-15,2.9851339757538,510880.SH,红利
2025-05-15,0.324,512170.SH,医疗
2025-05-15,1.0468495518566,512400.SH,有色
2025-05-15,0.5125,512480.SH,半导体
2025-05-15,0.606,512690.SH,酒
2025-05-15,0.80795441755768,512800.SH,银行
2025-05-15,1.079,512880.SH,证券
2025-05-15,735.86,AU9999.SHG,黄金现货
2025-05-16,3.8020977406051,510300.SH,沪深300ETF
2025-05-16,2.9679341000933,510880.SH,红利
2025-05-16,0.322,512170.SH,医疗
2025-05-16,1.0448687580026,512400.SH,有色
2025-05-16,0.5115,512480.SH,半导体
2025-05-16,0.599,512690.SH,酒
2025-05-16,0.80095047833427,512800.SH,银行
2025-05-16,1.067,512880.SH,证券
2025-05-16,746.4,AU9999.SHG,黄金现货
2025-05-19,3.796378867092,510300.SH,沪深300ETF
2025-05-19,2.9784451352191,510880.SH,红利
2025-05-19,0.321,512170.SH,医疗
2025-05-19,1.0409071702945,512400.SH,有色
2025-05-19,0.514,512480.SH,半导体
2025-05-19,0.592,512690.SH,酒
2025-05-19,0.79844907146877,512800.SH,银行
2025-05-19,1.068,512880.SH,证券
2025-05-19,754.5,AU9999.SHG,黄金现货
2025-05-20,3.8154417788022,510300.SH,沪深300ETF
2025-05-20,2.9822673298104,510880.SH,红利
2025-05-20,0.325,512170.SH,医疗
2025-05-20,1.0448687580026,512400.SH,有色
2025-05-20,0.516,512480.SH,半导体
2025-05-20,0.593,512690.SH,酒
2025-05-20,0.80095047833427,512800.SH,银行
2025-05-20,1.068,512880.SH,证券
2025-05-20,753.49,AU9999.SHG,黄金现货
2025-05-21,3.8306921081704,510300.SH,沪深300ETF
2025-05-21,3.0099782405968,510880.SH,红利
2025-05-21,0.326,512170.SH,医疗
2025-05-21,1.0676478873239,512400.SH,有色
2025-05-21,0.511,512480.SH,半导体
2025-05-21,0.594,512690.SH,酒
2025-05-21,0.80645357343838,512800.SH,银行
2025-05-21,1.065,512880.SH,证券
2025-05-21,773.82,AU9999.SHG,黄金现货
2025-05-22,3.8287858169994,510300.SH,沪深300ETF
2025-05-22,3.0109337892446,510880.SH,红利
2025-05-22,0.324,512170.SH,医疗
2025-05-22,1.0577439180538,512400.SH,有色
2025-05-22,0.5085,512480.SH,半导体
2025-05-22,0.591,512690.SH,酒
2025-05-22,0.81345751266179,512800.SH,银行
2025-05-22,1.057,512880.SH,证券
2025-05-22,778.36,AU9999.SHG,黄金现货
2025-05-23,3.8011445950196,510300.SH,沪深300ETF
2025-05-23,2.984178427106,510880.SH,红利
2025-05-23,0.326,512170.SH,医疗
2025-05-23,1.0587343149808,512400.SH,有色
2025-05-23,0.502,512480.SH,半导体
2025-05-23,0.587,512690.SH,酒
2025-05-23,0.80545301069218,512800.SH,银行
2025-05-23,1.043,512880.SH,证券
2025-05-23,776.4,AU9999.SHG,黄金现货
2025-05-26,3.7811285377238,510300.SH,沪深300ETF
2025-05-26,2.9688896487411,510880.SH,红利
2025-05-26,0.323,512170.SH,医疗
2025-05-26,1.0587343149808,512400.SH,有色
2025-05-26,0.5065,512480.SH,半导体
2025-05-26,0.582,512690.SH,酒
2025-05-26,0.79944963421497,512800.SH,银行
2025-05-26,1.042,512880.SH,证券
2025-05-26,773.94,AU9999.SHG,黄金现货
2025-05-27,3.7611124804281,510300.SH,沪深300ETF
2025-05-27,2.9574230649674,510880.SH,红利
2025-05-27,0.324,512170.SH,医疗
2025-05-27,1.0379359795134,512400.SH,有色
2025-05-27,0.4985,512480.SH,半导体
2025-05-27,0.584,512690.SH,酒
2025-05-27,0.80395216657288,512800.SH,银行
2025-05-27,1.042,512880.SH,证券
2025-05-27,768.75,AU9999.SHG,黄金现货
2025-05-28,3.757299898086,510300.SH,沪深300ETF
2025-05-28,2.9622008082064,510880.SH,红利
2025-05-28,0.322,512170.SH,医疗
2025-05-28,1.0369455825864,512400.SH,有色
2025-05-28,0.495,512480.SH,半导体
2025-05-28,0.587,512690.SH,酒
2025-05-28,0.80295160382667,512800.SH,银行
2025-05-28,1.036,512880.SH,证券
2025-05-28,769.67,AU9999.SHG,黄金现货
2025-05-29,3.7801753921383,510300.SH,沪深300ETF
2025-05-29,2.9698451973889,510880.SH,红利
2025-05-29,0.329,512170.SH,医疗
2025-05-29,1.0418975672215,512400.SH,有色
2025-05-29,0.5055,512480.SH,半导体
2025-05-29,0.588,512690.SH,酒
2025-05-29,0.80245132245357,512800.SH,银行
2025-05-29,1.049,512880.SH,证券
2025-05-29,763.02,AU9999.SHG,黄金现货
2025-05-30,3.7735033730397,510300.SH,沪深300ETF
2025-05-30,2.9832228784582,510880.SH,红利
2025-05-30,0.328,512170.SH,医疗
2025-05-30,1.0339743918054,512400.SH,有色
2025-05-30,0.498,512480.SH,半导体
2025-05-30,0.581,512690.SH,酒
2025-05-30,0.80795441755768,512800.SH,银行
2025-05-30,1.043,512880.SH,证券
2025-05-30,768.79,AU9999.SHG,黄金现货
2025-06-03,3.7715970818687,510300.SH,沪深300ETF
2025-06-03,2.9946894622319,510880.SH,红利
2025-06-03,0.332,512170.SH,医疗
2025-06-03,1.0468495518566,512400.SH,有色
2025-06-03,0.502,512480.SH,半导体
2025-06-03,0.576,512690.SH,酒
2025-06-03,0.8219622960045,512800.SH,银行
2025-06-03,1.052,512880.SH,证券
2025-06-03,778.5,AU9999.SHG,黄金现货
2025-06-04,3.7878005568224,510300.SH,沪深300ETF
2025-06-04,3.0023338514144,510880.SH,红利
2025-06-04,0.334,512170.SH,医疗
2025-06-04,1.0597247119078,512400.SH,有色
2025-06-04,0.504,512480.SH,半导体
2025-06-04,0.577,512690.SH,酒
2025-06-04,0.8229628587507,512800.SH,银行
2025-06-04,1.065,512880.SH,证券
2025-06-04,779.46,AU9999.SHG,黄金现货
2025-06-05,3.7973320126775,510300.SH,沪深300ETF
2025-06-05,2.9851339757538,510880.SH,红利
2025-06-05,0.333,512170.SH,医疗
2025-06-05,1.0557631241997,512400.SH,有色
2025-06-05,0.5135,512480.SH,半导体
2025-06-05,0.578,512690.SH,酒
2025-06-05,0.81695948227349,512800.SH,银行
2025-06-05,1.075,512880.SH,证券
2025-06-05,781.25,AU9999.SHG,黄金现货
2025-06-06,3.7992383038485,510300.SH,沪深300ETF
2025-06-06,2.9851339757538,510880.SH,红利
2025-06-06,0.33,512170.SH,医疗
2025-06-06,1.068638284251,512400.SH,有色
2025-06-06,0.5135,512480.SH,半导体
2025-06-06,0.577,512690.SH,酒
2025-06-06,0.819460889139,512800.SH,银行
2025-06-06,1.068,512880.SH,证券
2025-06-06,779.88,AU9999.SHG,黄金现货
2025-06-09,3.8078166141181,510300.SH,沪深300ETF
2025-06-09,2.988956170345,510880.SH,红利
2025-06-09,0.335,512170.SH,医疗
2025-06-09,1.071609475032,512400.SH,有色
2025-06-09,0.5145,512480.SH,半导体
2025-06-09,0.574,512690.SH,酒
2025-06-09,0.8219622960045,512800.SH,银行
2025-06-09,1.084,512880.SH,证券
2025-06-09,772.3,AU9999.SHG,黄金现货
2025-06-10,3.7858942656514,510300.SH,沪深300ETF
2025-06-10,2.9937339135841,510880.SH,红利
2025-06-10,0.334,512170.SH,医疗
2025-06-10,1.072599871959,512400.SH,有色
2025-06-10,0.5035,512480.SH,半导体
2025-06-10,0.569,512690.SH,酒
2025-06-10,0.82596454698931,512800.SH,银行
2025-06-10,1.07,512880.SH,证券
2025-06-10,772.68,AU9999.SHG,黄金现货
2025-06-11,3.8163949243877,510300.SH,沪深300ETF
2025-06-11,3.0023338514144,510880.SH,红利
2025-06-11,0.334,512170.SH,医疗
2025-06-11,1.0943886043534,512400.SH,有色
2025-06-11,0.503,512480.SH,半导体
2025-06-11,0.57,512690.SH,酒
2025-06-11,0.82896623522791,512800.SH,银行
2025-06-11,1.089,512880.SH,证券
2025-06-11,774.69,AU9999.SHG,黄金现货
2025-06-12,3.8183012155588,510300.SH,沪深300ETF
2025-06-12,3.0004227541187,510880.SH,红利
2025-06-12,0.336,512170.SH,医疗
2025-06-12,1.1062733674776,512400.SH,有色
2025-06-12,0.4985,512480.SH,半导体
2025-06-12,0.56,512690.SH,酒
2025-06-12,0.83196792346652,512800.SH,银行
2025-06-12,1.087,512880.SH,证券
2025-06-12,780.54,AU9999.SHG,黄金现货
2025-06-13,3.7935194303355,510300.SH,沪深300ETF
2025-06-13,2.9860895244016,510880.SH,红利
2025-06-13,0.331,512170.SH,医疗
2025-06-13,1.1052829705506,512400.SH,有色
2025-06-13,0.4965,512480.SH,半导体
2025-06-13,0.545,512690.SH,酒
2025-06-13,0.82546426561621,512800.SH,银行
2025-06-13,1.076,512880.SH,证券
2025-06-13,792.07,AU9999.SHG,黄金现货
2025-06-16,3.8030508861906,510300.SH,沪深300ETF
2025-06-16,2.9918228162885,510880.SH,红利
2025-06-16,0.329,512170.SH,医疗
2025-06-16,1.1013213828425,512400.SH,有色
2025-06-16,0.498,512480.SH,半导体
2025-06-16,0.546,512690.SH,酒
2025-06-16,0.83546989307822,512800.SH,银行
2025-06-16,1.092,512880.SH,证券
2025-06-16,788.2,AU9999.SHG,黄金现货
2025-06-17,3.8020977406051,510300.SH,沪深300ETF
2025-06-17,2.9946894622319,510880.SH,红利
2025-06-17,0.327,512170.SH,医疗
2025-06-17,1.1013213828425,512400.SH,有色
2025-06-17,0.4955,512480.SH,半导体
2025-06-17,0.547,512690.SH,酒
2025-06-17,0.83346876758582,512800.SH,银行
2025-06-17,1.095,512880.SH,证券
2025-06-17,783.19,AU9999.SHG,黄金现货
2025-06-18,3.8051747273101,510300.SH,沪深300ETF
2025-06-18,2.9985116568231,510880.SH,红利
2025-06-18,0.324,512170.SH,医疗
2025-06-18,1.0993405889885,512400.SH,有色
2025-06-18,0.4995,512480.SH,半导体
2025-06-18,0.55,512690.SH,酒
2025-06-18,0.84197355092853,512800.SH,银行
2025-06-18,1.082,512880.SH,证券
2025-06-18,781.85,AU9999.SHG,黄金现货
2025-06-19,3.7749594566783,510300.SH,沪深300ETF
2025-06-19,2.9851339757538,510880.SH,红利
2025-06-19,0.32,512170.SH,医疗
2025-06-19,1.0805230473752,512400.SH,有色
2025-06-19,0.4995,512480.SH,半导体
2025-06-19,0.546,512690.SH,酒
2025-06-19,0.84097298818233,512800.SH,银行
2025-06-19,1.061,512880.SH,证券
2025-06-19,777.41,AU9999.SHG,黄金现货
2025-06-20,3.7798328874254,510300.SH,沪深300ETF
2025-06-20,3.0004227541187,510880.SH,红利
2025-06-20,0.319,512170.SH,医疗
2025-06-20,1.0765614596671,512400.SH,有色
2025-06-20,0.496,512480.SH,半导体
2025-06-20,0.558,512690.SH,酒
2025-06-20,0.85047833427124,512800.SH,银行
2025-06-20,1.059,512880.SH,证券
2025-06-20,777.4,AU9999.SHG,黄金现货
2025-06-23,3.7925038073678,510300.SH,沪深300ETF
2025-06-23,3.0128448865403,510880.SH,红利
2025-06-23,0.321,512170.SH,医疗
2025-06-23,1.0864654289373,512400.SH,有色
2025-06-23,0.5015,512480.SH,半导体
2025-06-23,0.551,512690.SH,酒
2025-06-23,0.86098424310636,512800.SH,银行
2025-06-23,1.072,512880.SH,证券
2025-06-23,777.98,AU9999.SHG,黄金现货
2025-06-24,3.8363646840914,510300.SH,沪深300ETF
2025-06-24,3.0166670811315,510880.SH,红利
2025-06-24,0.324,512170.SH,医疗
2025-06-24,1.0924078104994,512400.SH,有色
2025-06-24,0.51,512480.SH,半导体
2025-06-24,0.555,512690.SH,酒
2025-06-24,0.86348564997186,512800.SH,银行
2025-06-24,1.099,512880.SH,证券
2025-06-24,768.87,AU9999.SHG,黄金现货
2025-06-25,3.8997192838033,510300.SH,沪深300ETF
2025-06-25,3.0319558594964,510880.SH,红利
2025-06-25,0.328,512170.SH,医疗
2025-06-25,1.1003309859155,512400.SH,有色
2025-06-25,0.521,512480.SH,半导体
2025-06-25,0.556,512690.SH,酒
2025-06-25,0.87249071468768,512800.SH,银行
2025-06-25,1.158,512880.SH,证券
2025-06-25,771.49,AU9999.SHG,黄金现货
2025-06-26,3.885098991562,510300.SH,沪深300ETF
2025-06-26,3.0386447000311,510880.SH,红利
2025-06-26,0.325,512170.SH,医疗
2025-06-26,1.1052829705506,512400.SH,有色
2025-06-26,0.514,512480.SH,半导体
2025-06-26,0.556,512690.SH,酒
2025-06-26,0.88149577940349,512800.SH,银行
2025-06-26,1.138,512880.SH,证券
2025-06-26,773.64,AU9999.SHG,黄金现货
2025-06-27,3.8626812101255,510300.SH,沪深300ETF
2025-06-27,3.0138004351881,510880.SH,红利
2025-06-27,0.326,512170.SH,医疗
2025-06-27,1.1270717029449,512400.SH,有色
2025-06-27,0.5165,512480.SH,半导体
2025-06-27,0.552,512690.SH,酒
2025-06-27,0.85698199212155,512800.SH,银行
2025-06-27,1.138,512880.SH,证券
2025-06-27,763.3,AU9999.SHG,黄金现货
2025-06-30,3.8812002469644,510300.SH,沪深300ETF
2025-06-30,3.0118893378924,510880.SH,红利
2025-06-30,0.331,512170.SH,医疗
2025-06-30,1.128062099872,512400.SH,有色
2025-06-30,0.5245,512480.SH,半导体
2025-06-30,0.555,512690.SH,酒
2025-06-30,0.85598142937535,512800.SH,银行
2025-06-30,1.136,512880.SH,证券
2025-06-30,764.43,AU9999.SHG,黄金现货
2025-07-01,3.8870483638609,510300.SH,沪深300ETF
2025-07-01,3.033866956792,510880.SH,红利
2025-07-01,0.333,512170.SH,医疗
2025-07-01,1.1439084507042,512400.SH,有色
2025-07-01,0.522,512480.SH,半导体
2025-07-01,0.552,512690.SH,酒
2025-07-01,0.86898874507597,512800.SH,银行
2025-07-01,1.13,512880.SH,证券
2025-07-01,772.88,AU9999.SHG,黄金现货
2025-07-02,3.8909471084585,510300.SH,沪深300ETF
2025-07-02,3.0568001243394,510880.SH,红利
2025-07-02,0.331,512170.SH,医疗
2025-07-02,1.1528220230474,512400.SH,有色
2025-07-02,0.5115,512480.SH,半导体
2025-07-02,0.554,512690.SH,酒
2025-07-02,0.87349127743388,512800.SH,银行
2025-07-02,1.124,512880.SH,证券
2025-07-02,770.7,AU9999.SHG,黄金现货
2025-07-03,3.913364889895,510300.SH,沪深300ETF
2025-07-03,3.0558445756916,510880.SH,红利
2025-07-03,0.332,512170.SH,医疗
2025-07-03,1.1548028169014,512400.SH,有色
2025-07-03,0.512,512480.SH,半导体
2025-07-03,0.555,512690.SH,酒
2025-07-03,0.87349127743388,512800.SH,银行
2025-07-03,1.131,512880.SH,证券
2025-07-03,776.14,AU9999.SHG,黄金现货
2025-07-04,3.9299345544351,510300.SH,沪深300ETF
2025-07-04,3.078777743239,510880.SH,红利
2025-07-04,0.332,512170.SH,医疗
2025-07-04,1.1379660691421,512400.SH,有色
2025-07-04,0.511,512480.SH,半导体
2025-07-04,0.555,512690.SH,酒
2025-07-04,0.889,512800.SH,银行
2025-07-04,1.131,512880.SH,证券
2025-07-04,771.9,AU9999.SHG,黄金现货
2025-07-07,3.9123902037456,510300.SH,沪深300ETF
2025-07-07,3.0911998756606,510880.SH,红利
2025-07-07,0.329,512170.SH,医疗
2025-07-07,1.129052496799,512400.SH,有色
2025-07-07,0.5095,512480.SH,半导体
2025-07-07,0.554,512690.SH,酒
2025-07-07,0.894,512800.SH,银行
2025-07-07,1.132,512880.SH,证券
2025-07-07,767.75,AU9999.SHG,黄金现货
2025-07-08,3.9455295328257,510300.SH,沪深300ETF
2025-07-08,3.0854665837737,510880.SH,红利
2025-07-08,0.332,512170.SH,医疗
2025-07-08,1.1409372599232,512400.SH,有色
2025-07-08,0.5155,512480.SH,半导体
2025-07-08,0.559,512690.SH,酒
2025-07-08,0.891,512800.SH,银行
2025-07-08,1.146,512880.SH,证券
2025-07-08,771.48,AU9999.SHG,黄金现货
2025-07-09,3.9426054743774,510300.SH,沪深300ETF
2025-07-09,3.1007553621386,510880.SH,红利
2025-07-09,0.333,512170.SH,医疗
2025-07-09,1.1191485275288,512400.SH,有色
2025-07-09,0.5095,512480.SH,半导体
2025-07-09,0.562,512690.SH,酒
2025-07-09,0.895,512800.SH,银行
2025-07-09,1.141,512880.SH,证券
2025-07-09,763.38,AU9999.SHG,黄金现货
2025-07-10,3.9620991973657,510300.SH,沪深300ETF
2025-07-10,3.1255996269817,510880.SH,红利
2025-07-10,0.335,512170.SH,医疗
2025-07-10,1.1349948783611,512400.SH,有色
2025-07-10,0.508,512480.SH,半导体
2025-07-10,0.565,512690.SH,酒
2025-07-10,0.906,512800.SH,银行
2025-07-10,1.155,512880.SH,证券
2025-07-10,769.73,AU9999.SHG,黄金现货
2025-07-11,3.9757448034575,510300.SH,沪深300ETF
2025-07-11,3.1055331053777,510880.SH,红利
2025-07-11,0.341,512170.SH,医疗
2025-07-11,1.1567836107554,512400.SH,有色
2025-07-11,0.5155,512480.SH,半导体
2025-07-11,0.57,512690.SH,酒
2025-07-11,0.888,512800.SH,银行
2025-07-11,1.181,512880.SH,证券
2025-07-11,769.66,AU9999.SHG,黄金现货
2025-07-14,3.9747701173081,510300.SH,沪深300ETF
2025-07-14,3.1265551756295,510880.SH,红利
2025-07-14,0.34,512170.SH,医疗
2025-07-14,1.1617355953905,512400.SH,有色
2025-07-14,0.5125,512480.SH,半导体
2025-07-14,0.57,512690.SH,酒
2025-07-14,0.895,512800.SH,银行
2025-07-14,1.17,512880.SH,证券
2025-07-14,777.4,AU9999.SHG,黄金现货
2025-07-15,3.9747701173081,510300.SH,沪深300ETF
2025-07-15,3.0892887783649,510880.SH,红利
2025-07-15,0.339,512170.SH,医疗
2025-07-15,1.1478700384123,512400.SH,有色
2025-07-15,0.511,512480.SH,半导体
2025-07-15,0.562,512690.SH,酒
2025-07-15,0.886,512800.SH,银行
2025-07-15,1.164,512880.SH,证券
2025-07-15,776.02,AU9999.SHG,黄金现货
2025-07-16,3.9659979419634,510300.SH,沪深300ETF
2025-07-16,3.0778221945912,510880.SH,红利
2025-07-16,0.341,512170.SH,医疗
2025-07-16,1.1448988476312,512400.SH,有色
2025-07-16,0.5125,512480.SH,半导体
2025-07-16,0.567,512690.SH,酒
2025-07-16,0.882,512800.SH,银行
2025-07-16,1.16,512880.SH,证券
2025-07-16,772.4,AU9999.SHG,黄金现货
2025-07-17,3.998162584894,510300.SH,沪深300ETF
2025-07-17,3.069222256761,510880.SH,红利
2025-07-17,0.345,512170.SH,医疗
2025-07-17,1.1488604353393,512400.SH,有色
2025-07-17,0.516,512480.SH,半导体
2025-07-17,0.568,512690.SH,酒
2025-07-17,0.879,512800.SH,银行
2025-07-17,1.166,512880.SH,证券
2025-07-17,770.91,AU9999.SHG,黄金现货
2025-07-18,4.0274031693764,510300.SH,沪深300ETF
2025-07-18,3.0825999378303,510880.SH,红利
2025-07-18,0.348,512170.SH,医疗
2025-07-18,1.1775819462228,512400.SH,有色
2025-07-18,0.517,512480.SH,半导体
2025-07-18,0.575,512690.SH,酒
2025-07-18,0.883,512800.SH,银行
2025-07-18,1.171,512880.SH,证券
2025-07-18,773.5,AU9999.SHG,黄金现货
2025-07-21,4.0517703231118,510300.SH,沪深300ETF
2025-07-21,3.1026664594343,510880.SH,红利
2025-07-21,0.348,512170.SH,医疗
2025-07-21,1.2112554417414,512400.SH,有色
2025-07-21,0.5175,512480.SH,半导体
2025-07-21,0.575,512690.SH,酒
2025-07-21,0.88,512800.SH,银行
2025-07-21,1.187,512880.SH,证券
2025-07-21,777.34,AU9999.SHG,黄金现货
2025-07-22,4.0946565136859,510300.SH,沪深300ETF
2025-07-22,3.1533105377681,510880.SH,红利
2025-07-22,0.35,512170.SH,医疗
2025-07-22,1.2399769526248,512400.SH,有色
2025-07-22,0.5185,512480.SH,半导体
2025-07-22,0.591,512690.SH,酒
2025-07-22,0.867,512800.SH,银行
2025-07-22,1.189,512880.SH,证券
2025-07-22,780.35,AU9999.SHG,黄金现货
2025-07-23,4.0927071413871,510300.SH,沪深300ETF
2025-07-23,3.1504438918247,510880.SH,红利
2025-07-23,0.354,512170.SH,医疗
2025-07-23,1.2350249679898,512400.SH,有色
2025-07-23,0.522,512480.SH,半导体
2025-07-23,0.587,512690.SH,酒
2025-07-23,0.872,512800.SH,银行
2025-07-23,1.199,512880.SH,证券
2025-07-23,788.5,AU9999.SHG,黄金现货
2025-07-24,4.1180489812719,510300.SH,沪深300ETF
2025-07-24,3.1599993783028,510880.SH,红利
2025-07-24,0.364,512170.SH,医疗
2025-07-24,1.2756312419974,512400.SH,有色
2025-07-24,0.53,512480.SH,半导体
2025-07-24,0.59,512690.SH,酒
2025-07-24,0.859,512800.SH,银行
2025-07-24,1.232,512880.SH,证券
2025-07-24,775.34,AU9999.SHG,黄金现货
2025-07-25,4.0966058859848,510300.SH,沪深300ETF
2025-07-25,3.1466216972334,510880.SH,红利
2025-07-25,0.367,512170.SH,医疗
2025-07-25,1.2756312419974,512400.SH,有色
2025-07-25,0.541,512480.SH,半导体
2025-07-25,0.58,512690.SH,酒
2025-07-25,0.858,512800.SH,银行
2025-07-25,1.227,512880.SH,证券
2025-07-25,774.21,AU9999.SHG,黄金现货
2025-07-28,4.1073274336283,510300.SH,沪深300ETF
2025-07-28,3.1150885918558,510880.SH,红利
2025-07-28,0.368,512170.SH,医疗
2025-07-28,1.2696888604353,512400.SH,有色
2025-07-28,0.5405,512480.SH,半导体
2025-07-28,0.578,512690.SH,酒
2025-07-28,0.86,512800.SH,银行
2025-07-28,1.238,512880.SH,证券
2025-07-28,771.8,AU9999.SHG,黄金现货
2025-07-29,4.127795842766,510300.SH,沪深300ETF
2025-07-29,3.1064886540255,510880.SH,红利
2025-07-29,0.377,512170.SH,医疗
2025-07-29,1.2667176696543,512400.SH,有色
2025-07-29,0.5485,512480.SH,半导体
2025-07-29,0.577,512690.SH,酒
2025-07-29,0.849,512800.SH,银行
2025-07-29,1.243,512880.SH,证券
2025-07-29,767.69,AU9999.SHG,黄金现货
2025-07-30,4.1248717843178,510300.SH,沪深300ETF
2025-07-30,3.1169996891514,510880.SH,红利
2025-07-30,0.375,512170.SH,医疗
2025-07-30,1.2587944942382,512400.SH,有色
2025-07-30,0.5435,512480.SH,半导体
2025-07-30,0.581,512690.SH,酒
2025-07-30,0.854,512800.SH,银行
2025-07-30,1.225,512880.SH,证券
2025-07-30,769.68,AU9999.SHG,黄金现货
2025-07-31,4.0498209508129,510300.SH,沪深300ETF
2025-07-31,3.0682667081131,510880.SH,红利
2025-07-31,0.369,512170.SH,医疗
2025-07-31,1.2171978233035,512400.SH,有色
2025-07-31,0.537,512480.SH,半导体
2025-07-31,0.568,512690.SH,酒
2025-07-31,0.848,512800.SH,银行
2025-07-31,1.198,512880.SH,证券
2025-07-31,767.36,AU9999.SHG,黄金现货
2025-08-01,4.0283778555258,510300.SH,沪深300ETF
2025-08-01,3.0654000621697,510880.SH,红利
2025-08-01,0.367,512170.SH,医疗
2025-08-01,1.2122458386684,512400.SH,有色
2025-08-01,0.5325,512480.SH,半导体
2025-08-01,0.567,512690.SH,酒
2025-08-01,0.853,512800.SH,银行
2025-08-01,1.191,512880.SH,证券
2025-08-01,767.29,AU9999.SHG,黄金现货
2025-08-04,4.0468968923647,510300.SH,沪深300ETF
2025-08-04,3.078777743239,510880.SH,红利
2025-08-04,0.367,512170.SH,医疗
2025-08-04,1.2330441741357,512400.SH,有色
2025-08-04,0.5395,512480.SH,半导体
2025-08-04,0.567,512690.SH,酒
2025-08-04,0.858,512800.SH,银行
2025-08-04,1.193,512880.SH,证券
2025-08-04,776.01,AU9999.SHG,黄金现货
2025-08-05,4.0771121629965,510300.SH,沪深300ETF
2025-08-05,3.1093552999689,510880.SH,红利
2025-08-05,0.368,512170.SH,医疗
2025-08-05,1.2379961587708,512400.SH,有色
2025-08-05,0.5405,512480.SH,半导体
2025-08-05,0.574,512690.SH,酒
2025-08-05,0.871,512800.SH,银行
2025-08-05,1.205,512880.SH,证券
2025-08-05,779.85,AU9999.SHG,黄金现货
2025-08-06,4.08783371064,510300.SH,沪深300ETF
2025-08-06,3.1217774323904,510880.SH,红利
2025-08-06,0.368,512170.SH,医疗
2025-08-06,1.251861715749,512400.SH,有色
2025-08-06,0.5455,512480.SH,半导体
2025-08-06,0.575,512690.SH,酒
2025-08-06,0.87,512800.SH,银行
2025-08-06,1.21,512880.SH,证券
2025-08-06,779.14,AU9999.SHG,黄金现货
2025-08-07,4.0868590244906,510300.SH,沪深300ETF
2025-08-07,3.1332440161641,510880.SH,红利
2025-08-07,0.369,512170.SH,医疗
2025-08-07,1.2686984635083,512400.SH,有色
2025-08-07,0.5485,512480.SH,半导体
2025-08-07,0.576,512690.SH,酒
2025-08-07,0.874,512800.SH,银行
2025-08-07,1.209,512880.SH,证券
2025-08-07,782.08,AU9999.SHG,黄金现货
2025-08-08,4.0771121629965,510300.SH,沪深300ETF
2025-08-08,3.1322884675163,510880.SH,红利
2025-08-08,0.366,512170.SH,医疗
2025-08-08,1.2845448143406,512400.SH,有色
2025-08-08,0.538,512480.SH,半导体
2025-08-08,0.573,512690.SH,酒
2025-08-08,0.87,512800.SH,银行
2025-08-08,1.199,512880.SH,证券
2025-08-08,783.18,AU9999.SHG,黄金现货
2025-08-11,4.0956311998354,510300.SH,沪深300ETF
2025-08-11,3.1150885918558,510880.SH,红利
2025-08-11,0.372,512170.SH,医疗
2025-08-11,1.2924679897567,512400.SH,有色
2025-08-11,0.542,512480.SH,半导体
2025-08-11,0.584,512690.SH,酒
2025-08-11,0.863,512800.SH,银行
2025-08-11,1.215,512880.SH,证券
2025-08-11,775.54,AU9999.SHG,黄金现货
2025-08-12,4.1209730397201,510300.SH,沪深300ETF
2025-08-12,3.1322884675163,510880.SH,红利
2025-08-12,0.373,512170.SH,医疗
2025-08-12,1.2865256081946,512400.SH,有色
2025-08-12,0.5565,512480.SH,半导体
2025-08-12,0.582,512690.SH,酒
2025-08-12,0.865,512800.SH,银行
2025-08-12,1.221,512880.SH,证券
2025-08-12,773.47,AU9999.SHG,黄金现货
2025-08-13,4.1550870549496,510300.SH,沪深300ETF
2025-08-13,3.1131774945601,510880.SH,红利
2025-08-13,0.379,512170.SH,医疗
2025-08-13,1.3142567221511,512400.SH,有色
2025-08-13,0.562,512480.SH,半导体
2025-08-13,0.582,512690.SH,酒
2025-08-13,0.857,512800.SH,银行
2025-08-13,1.242,512880.SH,证券
2025-08-13,774.96,AU9999.SHG,黄金现货
2025-08-14,4.1482642519037,510300.SH,沪深300ETF
2025-08-14,3.0931109729562,510880.SH,红利
2025-08-14,0.374,512170.SH,医疗
2025-08-14,1.307323943662,512400.SH,有色
2025-08-14,0.5655,512480.SH,半导体
2025-08-14,0.58,512690.SH,酒
2025-08-14,0.856,512800.SH,银行
2025-08-14,1.241,512880.SH,证券
2025-08-14,775.05,AU9999.SHG,黄金现货
2025-08-15,4.1862770117308,510300.SH,沪深300ETF
2025-08-15,3.0873776810693,510880.SH,红利
2025-08-15,0.378,512170.SH,医疗
2025-08-15,1.3330742637644,512400.SH,有色
2025-08-15,0.577,512480.SH,半导体
2025-08-15,0.581,512690.SH,酒
2025-08-15,0.844,512800.SH,银行
2025-08-15,1.3,512880.SH,证券
2025-08-15,773.55,AU9999.SHG,黄金现货
2025-08-18,4.217466968512,510300.SH,沪深300ETF
2025-08-18,3.0797332918869,510880.SH,红利
2025-08-18,0.381,512170.SH,医疗
2025-08-18,1.3390166453265,512400.SH,有色
2025-08-18,0.59,512480.SH,半导体
2025-08-18,0.585,512690.SH,酒
2025-08-18,0.846,512800.SH,银行
2025-08-18,1.317,512880.SH,证券
2025-08-18,774.46,AU9999.SHG,黄金现货
2025-08-19,4.1960238732249,510300.SH,沪深300ETF
2025-08-19,3.074,510880.SH,红利
2025-08-19,0.378,512170.SH,医疗
2025-08-19,1.3310934699104,512400.SH,有色
2025-08-19,0.5815,512480.SH,半导体
2025-08-19,0.594,512690.SH,酒
2025-08-19,0.847,512800.SH,银行
2025-08-19,1.291,512880.SH,证券
2025-08-19,773.05,AU9999.SHG,黄金现货
2025-08-20,4.2535303560403,510300.SH,沪深300ETF
2025-08-20,3.0959776188996,510880.SH,红利
2025-08-20,0.38,512170.SH,医疗
2025-08-20,1.3429782330346,512400.SH,有色
2025-08-20,0.604,512480.SH,半导体
2025-08-20,0.609,512690.SH,酒
2025-08-20,0.851,512800.SH,银行
2025-08-20,1.303,512880.SH,证券
2025-08-20,770.24,AU9999.SHG,黄金现货
2025-08-21,4.2671759621321,510300.SH,沪深300ETF
2025-08-21,3.1112663972645,510880.SH,红利
2025-08-21,0.382,512170.SH,医疗
2025-08-21,1.3380262483995,512400.SH,有色
2025-08-21,0.6005,512480.SH,半导体
2025-08-21,0.603,512690.SH,酒
2025-08-21,0.855,512800.SH,银行
2025-08-21,1.293,512880.SH,证券
2025-08-21,772.0,AU9999.SHG,黄金现货
2025-08-22,4.3656192632229,510300.SH,沪深300ETF
2025-08-22,3.1083997513211,510880.SH,红利
2025-08-22,0.385,512170.SH,医疗
2025-08-22,1.3548629961588,512400.SH,有色
2025-08-22,0.6555,512480.SH,半导体
2025-08-22,0.609,512690.SH,酒
2025-08-22,0.852,512800.SH,银行
2025-08-22,1.338,512880.SH,证券
2025-08-22,771.87,AU9999.SHG,黄金现货
2025-08-25,4.4494422720724,510300.SH,沪深300ETF
2025-08-25,3.1275107242773,510880.SH,红利
2025-08-25,0.393,512170.SH,医疗
2025-08-25,1.4321139564661,512400.SH,有色
2025-08-25,0.665,512480.SH,半导体
2025-08-25,0.632,512690.SH,酒
2025-08-25,0.858,512800.SH,银行
2025-08-25,1.352,512880.SH,证券
2025-08-25,775.85,AU9999.SHG,黄金现货
2025-08-26,4.4260498044865,510300.SH,沪深300ETF
2025-08-26,3.1160441405036,510880.SH,红利
2025-08-26,0.388,512170.SH,医疗
2025-08-26,1.4132964148528,512400.SH,有色
2025-08-26,0.6575,512480.SH,半导体
2025-08-26,0.63,512690.SH,酒
2025-08-26,0.853,512800.SH,银行
2025-08-26,1.335,512880.SH,证券
2025-08-26,777.1,AU9999.SHG,黄金现货
2025-08-27,4.3617205186252,510300.SH,沪深300ETF
2025-08-27,3.0654000621697,510880.SH,红利
2025-08-27,0.38,512170.SH,医疗
2025-08-27,1.4033924455826,512400.SH,有色
2025-08-27,0.6605,512480.SH,半导体
2025-08-27,0.612,512690.SH,酒
2025-08-27,0.838,512800.SH,银行
2025-08-27,1.3,512880.SH,证券
2025-08-27,778.07,AU9999.SHG,黄金现货
2025-08-28,4.443594155176,510300.SH,沪深300ETF
2025-08-28,3.0625334162263,510880.SH,红利
2025-08-28,0.382,512170.SH,医疗
2025-08-28,1.429142765685,512400.SH,有色
2025-08-28,0.708,512480.SH,半导体
2025-08-28,0.609,512690.SH,酒
2025-08-28,0.842,512800.SH,银行
2025-08-28,1.326,512880.SH,证券
2025-08-28,779.85,AU9999.SHG,黄金现货
2025-08-29,4.4845309734513,510300.SH,沪深300ETF
2025-08-29,3.0472446378614,510880.SH,红利
2025-08-29,0.387,512170.SH,医疗
2025-08-29,1.4717298335467,512400.SH,有色
2025-08-29,0.69,512480.SH,半导体
2025-08-29,0.625,512690.SH,酒
2025-08-29,0.836,512800.SH,银行
2025-08-29,1.328,512880.SH,证券
2025-08-29,781.71,AU9999.SHG,黄金现货
2025-09-01,4.4991512656925,510300.SH,沪深300ETF
2025-09-01,3.0300447622008,510880.SH,红利
2025-09-01,0.397,512170.SH,医疗
2025-09-01,1.5182784891165,512400.SH,有色
2025-09-01,0.7015,512480.SH,半导体
2025-09-01,0.622,512690.SH,酒
2025-09-01,0.826,512800.SH,银行
2025-09-01,1.314,512880.SH,证券
2025-09-01,794.66,AU9999.SHG,黄金现货
2025-09-02,4.4738094258078,510300.SH,沪深300ETF
2025-09-02,3.0443779919179,510880.SH,红利
2025-09-02,0.393,512170.SH,医疗
2025-09-02,1.4964897567222,512400.SH,有色
2025-09-02,0.6775,512480.SH,半导体
2025-09-02,0.62,512690.SH,酒
2025-09-02,0.842,512800.SH,银行
2025-09-02,1.296,512880.SH,证券
2025-09-02,799.95,AU9999.SHG,黄金现货
2025-09-03,4.4338472936818,510300.SH,沪深300ETF
2025-09-03,3.0128448865403,510880.SH,红利
2025-09-03,0.388,512170.SH,医疗
2025-09-03,1.4915377720871,512400.SH,有色
2025-09-03,0.666,512480.SH,半导体
2025-09-03,0.611,512690.SH,酒
2025-09-03,0.83,512800.SH,银行
2025-09-03,1.25,512880.SH,证券
2025-09-03,809.0,AU9999.SHG,黄金现货
2025-09-04,4.3432014817864,510300.SH,沪深300ETF
2025-09-04,3.0310003108486,510880.SH,红利
2025-09-04,0.376,512170.SH,医疗
2025-09-04,1.430133162612,512400.SH,有色
2025-09-04,0.617,512480.SH,半导体
2025-09-04,0.612,512690.SH,酒
2025-09-04,0.838,512800.SH,银行
2025-09-04,1.248,512880.SH,证券
2025-09-04,809.19,AU9999.SHG,黄金现货
2025-09-05,4.4387207244289,510300.SH,沪深300ETF
2025-09-05,3.0214448243705,510880.SH,红利
2025-09-05,0.387,512170.SH,医疗
2025-09-05,1.4925281690141,512400.SH,有色
2025-09-05,0.6385,512480.SH,半导体
2025-09-05,0.615,512690.SH,酒
2025-09-05,0.83,512800.SH,银行
2025-09-05,1.257,512880.SH,证券
2025-09-05,811.5,AU9999.SHG,黄金现货
2025-09-08,4.4396954105783,510300.SH,沪深300ETF
2025-09-08,3.0271781162574,510880.SH,红利
2025-09-08,0.402,512170.SH,医疗
2025-09-08,1.489556978233,512400.SH,有色
2025-09-08,0.6385,512480.SH,半导体
2025-09-08,0.624,512690.SH,酒
2025-09-08,0.826,512800.SH,银行
2025-09-08,1.248,512880.SH,证券
2025-09-08,821.2,AU9999.SHG,黄金现货
2025-09-09,4.4133788845441,510300.SH,沪深300ETF
2025-09-09,3.029089213553,510880.SH,红利
2025-09-09,0.392,512170.SH,医疗
2025-09-09,1.5004513444302,512400.SH,有色
2025-09-09,0.6235,512480.SH,半导体
2025-09-09,0.624,512690.SH,酒
2025-09-09,0.832,512800.SH,银行
2025-09-09,1.247,512880.SH,证券
2025-09-09,832.0,AU9999.SHG,黄金现货
2025-09-10,4.4231257460383,510300.SH,沪深300ETF
2025-09-10,3.0281336649052,510880.SH,红利
2025-09-10,0.392,512170.SH,医疗
2025-09-10,1.485595390525,512400.SH,有色
2025-09-10,0.632,512480.SH,半导体
2025-09-10,0.624,512690.SH,酒
2025-09-10,0.833,512800.SH,银行
2025-09-10,1.245,512880.SH,证券
2025-09-10,829.75,AU9999.SHG,黄金现货
2025-09-11,4.5420374562667,510300.SH,沪深300ETF
2025-09-11,3.0329114081442,510880.SH,红利
2025-09-11,0.395,512170.SH,医疗
2025-09-11,1.5093649167734,512400.SH,有色
2025-09-11,0.6705,512480.SH,半导体
2025-09-11,0.628,512690.SH,酒
2025-09-11,0.837,512800.SH,银行
2025-09-11,1.284,512880.SH,证券
2025-09-11,826.52,AU9999.SHG,黄金现货
2025-09-12,4.5040246964396,510300.SH,沪深300ETF
2025-09-12,3.0185781784271,510880.SH,红利
2025-09-12,0.393,512170.SH,医疗
2025-09-12,1.547,512400.SH,有色
2025-09-12,0.683,512480.SH,半导体
2025-09-12,0.621,512690.SH,酒
2025-09-12,0.824,512800.SH,银行
2025-09-12,1.266,512880.SH,证券
2025-09-12,830.41,AU9999.SHG,黄金现货
2025-09-15,4.5118221856349,510300.SH,沪深300ETF
2025-09-15,3.0023338514144,510880.SH,红利
2025-09-15,0.395,512170.SH,医疗
2025-09-15,1.535,512400.SH,有色
2025-09-15,0.687,512480.SH,半导体
2025-09-15,0.619,512690.SH,酒
2025-09-15,0.816,512800.SH,银行
2025-09-15,1.262,512880.SH,证券
2025-09-15,828.21,AU9999.SHG,黄金现货
2025-09-16,4.5030500102902,510300.SH,沪深300ETF
2025-09-16,2.9956450108797,510880.SH,红利
2025-09-16,0.397,512170.SH,医疗
2025-09-16,1.515,512400.SH,有色
2025-09-16,0.6935,512480.SH,半导体
2025-09-16,0.619,512690.SH,酒
2025-09-16,0.808,512800.SH,银行
2025-09-16,1.263,512880.SH,证券
2025-09-16,838.73,AU9999.SHG,黄金现货
2025-09-17,4.5352146532208,510300.SH,沪深300ETF
2025-09-17,3.009022691949,510880.SH,红利
2025-09-17,0.397,512170.SH,医疗
2025-09-17,1.518,512400.SH,有色
2025-09-17,0.704,512480.SH,半导体
2025-09-17,0.614,512690.SH,酒
2025-09-17,0.805,512800.SH,银行
2025-09-17,1.269,512880.SH,证券
2025-09-17,831.85,AU9999.SHG,黄金现货
2025-09-18,4.4777081704054,510300.SH,沪深300ETF
2025-09-18,2.9583786136152,510880.SH,红利
2025-09-18,0.392,512170.SH,医疗
2025-09-18,1.464,512400.SH,有色
2025-09-18,0.713,512480.SH,半导体
2025-09-18,0.603,512690.SH,酒
2025-09-18,0.79,512800.SH,银行
2025-09-18,1.232,512880.SH,证券
2025-09-18,824.59,AU9999.SHG,黄金现货
2025-09-19,4.4874550318996,510300.SH,沪深300ETF
2025-09-19,2.9746229406279,510880.SH,红利
2025-09-19,0.388,512170.SH,医疗
2025-09-19,1.483,512400.SH,有色
2025-09-19,0.7045,512480.SH,半导体
2025-09-19,0.606,512690.SH,酒
2025-09-19,0.792,512800.SH,银行
2025-09-19,1.221,512880.SH,证券
2025-09-19,826.71,AU9999.SHG,黄金现货
2025-09-22,4.5020753241408,510300.SH,沪深300ETF
2025-09-22,2.9497786757849,510880.SH,红利
2025-09-22,0.386,512170.SH,医疗
2025-09-22,1.497,512400.SH,有色
2025-09-22,0.731,512480.SH,半导体
2025-09-22,0.596,512690.SH,酒
2025-09-22,0.784,512800.SH,银行
2025-09-22,1.234,512880.SH,证券
2025-09-22,839.5,AU9999.SHG,黄金现货
2025-09-23,4.504999382589,510300.SH,沪深300ETF
2025-09-23,2.9669785514454,510880.SH,红利
2025-09-23,0.379,512170.SH,医疗
2025-09-23,1.483,512400.SH,有色
2025-09-23,0.7335,512480.SH,半导体
2025-09-23,0.593,512690.SH,酒
2025-09-23,0.794,512800.SH,银行
2025-09-23,1.212,512880.SH,证券
2025-09-23,850.65,AU9999.SHG,黄金现货
2025-09-24,4.544961514715,510300.SH,沪深300ETF
2025-09-24,2.9727118433323,510880.SH,红利
2025-09-24,0.385,512170.SH,医疗
2025-09-24,1.503,512400.SH,有色
2025-09-24,0.7715,512480.SH,半导体
2025-09-24,0.593,512690.SH,酒
2025-09-24,0.792,512800.SH,银行
2025-09-24,1.224,512880.SH,证券
2025-09-24,856.63,AU9999.SHG,黄金现货
2025-09-25,4.5761514714962,510300.SH,沪深300ETF
2025-09-25,2.959334162263,510880.SH,红利
2025-09-25,0.388,512170.SH,医疗
2025-09-25,1.533,512400.SH,有色
2025-09-25,0.773,512480.SH,半导体
2025-09-25,0.588,512690.SH,酒
2025-09-25,0.788,512800.SH,银行
2025-09-25,1.224,512880.SH,证券
2025-09-25,851.74,AU9999.SHG,黄金现货
2025-09-26,4.533265280922,510300.SH,沪深300ETF
2025-09-26,2.9602897109108,510880.SH,红利
2025-09-26,0.382,512170.SH,医疗
2025-09-26,1.532,512400.SH,有色
2025-09-26,0.7615,512480.SH,半导体
2025-09-26,0.584,512690.SH,酒
2025-09-26,0.789,512800.SH,银行
2025-09-26,1.219,512880.SH,证券
2025-09-26,853.0,AU9999.SHG,黄金现货
2025-09-29,4.6083161144268,510300.SH,沪深300ETF
2025-09-29,2.9555119676717,510880.SH,红利
2025-09-29,0.384,512170.SH,医疗
2025-09-29,1.595,512400.SH,有色
2025-09-29,0.77,512480.SH,半导体
2025-09-29,0.594,512690.SH,酒
2025-09-29,0.786,512800.SH,银行
2025-09-29,1.28,512880.SH,证券
2025-09-29,862.9,AU9999.SHG,黄金现货
2025-09-30,4.6209870343692,510300.SH,沪深300ETF
2025-09-30,2.9450009325459,510880.SH,红利
2025-09-30,0.392,512170.SH,医疗
2025-09-30,1.653,512400.SH,有色
2025-09-30,0.788,512480.SH,半导体
2025-09-30,0.59,512690.SH,酒
2025-09-30,0.778,512800.SH,银行
2025-09-30,1.263,512880.SH,证券
2025-09-30,871.86,AU9999.SHG,黄金现货
2025-10-09,4.6940884955752,510300.SH,沪深300ETF
2025-10-09,2.9650674541498,510880.SH,红利
2025-10-09,0.394,512170.SH,医疗
2025-10-09,1.797,512400.SH,有色
2025-10-09,0.8105,512480.SH,半导体
2025-10-09,0.584,512690.SH,酒
2025-10-09,0.777,512800.SH,银行
2025-10-09,1.267,512880.SH,证券
2025-10-09,911.5,AU9999.SHG,黄金现货
2025-10-10,4.5995439390821,510300.SH,沪深300ETF
2025-10-10,2.9966005595275,510880.SH,红利
2025-10-10,0.386,512170.SH,医疗
2025-10-10,1.732,512400.SH,有色
2025-10-10,0.762,512480.SH,半导体
2025-10-10,0.583,512690.SH,酒
2025-10-10,0.78,512800.SH,银行
2025-10-10,1.27,512880.SH,证券
2025-10-10,897.63,AU9999.SHG,黄金现货
2025-10-13,4.573227413048,510300.SH,沪深300ETF
2025-10-13,3.0004227541187,510880.SH,红利
2025-10-13,0.378,512170.SH,医疗
2025-10-13,1.799,512400.SH,有色
2025-10-13,0.7785,512480.SH,半导体
2025-10-13,0.577,512690.SH,酒
2025-10-13,0.787,512800.SH,银行
2025-10-13,1.254,512880.SH,证券
2025-10-13,926.73,AU9999.SHG,黄金现货
2025-10-14,4.5274171640255,510300.SH,沪深300ETF
2025-10-14,3.0615778675785,510880.SH,红利
2025-10-14,0.373,512170.SH,医疗
2025-10-14,1.728,512400.SH,有色
2025-10-14,0.735,512480.SH,半导体
2025-10-14,0.593,512690.SH,酒
2025-10-14,0.806,512800.SH,银行
2025-10-14,1.248,512880.SH,证券
2025-10-14,940.72,AU9999.SHG,黄金现货
2025-10-15,4.5868730191397,510300.SH,沪深300ETF
2025-10-15,3.0644445135219,510880.SH,红利
2025-10-15,0.378,512170.SH,医疗
2025-10-15,1.744,512400.SH,有色
2025-10-15,0.746,512480.SH,半导体
2025-10-15,0.597,512690.SH,酒
2025-10-15,0.81,512800.SH,银行
2025-10-15,1.265,512880.SH,证券
2025-10-15,959.04,AU9999.SHG,黄金现货
2025-10-16,4.6014933113809,510300.SH,沪深300ETF
2025-10-16,3.0950220702518,510880.SH,红利
2025-10-16,0.377,512170.SH,医疗
2025-10-16,1.704,512400.SH,有色
2025-10-16,0.742,512480.SH,半导体
2025-10-16,0.604,512690.SH,酒
2025-10-16,0.822,512800.SH,银行
2025-10-16,1.259,512880.SH,证券
2025-10-16,968.14,AU9999.SHG,黄金现货
2025-10-17,4.5069487548878,510300.SH,沪深300ETF
2025-10-17,3.0854665837737,510880.SH,红利
2025-10-17,0.368,512170.SH,医疗
2025-10-17,1.671,512400.SH,有色
2025-10-17,0.7115,512480.SH,半导体
2025-10-17,0.595,512690.SH,酒
2025-10-17,0.821,512800.SH,银行
2025-10-17,1.233,512880.SH,证券
2025-10-17,997.17,AU9999.SHG,黄金现货
2025-10-20,4.5225437332785,510300.SH,沪深300ETF
2025-10-20,3.1112663972645,510880.SH,红利
2025-10-20,0.368,512170.SH,医疗
2025-10-20,1.648,512400.SH,有色
2025-10-20,0.7165,512480.SH,半导体
2025-10-20,0.591,512690.SH,酒
2025-10-20,0.819,512800.SH,银行
2025-10-20,1.235,512880.SH,证券
2025-10-20,974.3,AU9999.SHG,黄金现货
2025-10-21,4.5907717637374,510300.SH,沪深300ETF
2025-10-21,3.1036220080821,510880.SH,红利
2025-10-21,0.372,512170.SH,医疗
2025-10-21,1.674,512400.SH,有色
2025-10-21,0.7365,512480.SH,半导体
2025-10-21,0.592,512690.SH,酒
2025-10-21,0.822,512800.SH,银行
2025-10-21,1.246,512880.SH,证券
2025-10-21,987.12,AU9999.SHG,黄金现货
2025-10-22,4.5761514714962,510300.SH,沪深300ETF
2025-10-22,3.1083997513211,510880.SH,红利
2025-10-22,0.37,512170.SH,医疗
2025-10-22,1.652,512400.SH,有色
2025-10-22,0.7335,512480.SH,半导体
2025-10-22,0.589,512690.SH,酒
2025-10-22,0.829,512800.SH,银行
2025-10-22,1.234,512880.SH,证券
2025-10-22,948.8,AU9999.SHG,黄金现货
2025-10-23,4.5936958221856,510300.SH,沪深300ETF
2025-10-23,3.1322884675163,510880.SH,红利
2025-10-23,0.37,512170.SH,医疗
2025-10-23,1.671,512400.SH,有色
2025-10-23,0.7275,512480.SH,半导体
2025-10-23,0.593,512690.SH,酒
2025-10-23,0.834,512800.SH,银行
2025-10-23,1.245,512880.SH,证券
2025-10-23,941.21,AU9999.SHG,黄金现货
2025-10-24,4.6492529327022,510300.SH,沪深300ETF
2025-10-24,3.114133043208,510880.SH,红利
2025-10-24,0.372,512170.SH,医疗
2025-10-24,1.7,512400.SH,有色
2025-10-24,0.764,512480.SH,半导体
2025-10-24,0.582,512690.SH,酒
2025-10-24,0.829,512800.SH,银行
2025-10-24,1.257,512880.SH,证券
2025-10-24,935.6,AU9999.SHG,黄金现货
2025-10-27,4.7038353570694,510300.SH,沪深300ETF
2025-10-27,3.1265551756295,510880.SH,红利
2025-10-27,0.374,512170.SH,医疗
2025-10-27,1.741,512400.SH,有色
2025-10-27,0.7825,512480.SH,半导体
2025-10-27,0.582,512690.SH,酒
2025-10-27,0.83,512800.SH,银行
2025-10-27,1.272,512880.SH,证券
2025-10-27,930.79,AU9999.SHG,黄金现货
2025-10-28,4.6804428894834,510300.SH,沪深300ETF
2025-10-28,3.1217774323904,510880.SH,红利
2025-10-28,0.372,512170.SH,医疗
2025-10-28,1.686,512400.SH,有色
2025-10-28,0.7755,512480.SH,半导体
2025-10-28,0.582,512690.SH,酒
2025-10-28,0.829,512800.SH,银行
2025-10-28,1.264,512880.SH,证券
2025-10-28,896.6,AU9999.SHG,黄金现货
2025-10-29,4.7389240584482,510300.SH,沪深300ETF
2025-10-29,3.1045775567299,510880.SH,红利
2025-10-29,0.375,512170.SH,医疗
2025-10-29,1.764,512400.SH,有色
2025-10-29,0.7775,512480.SH,半导体
2025-10-29,0.579,512690.SH,酒
2025-10-29,0.813,512800.SH,银行
2025-10-29,1.292,512880.SH,证券
2025-10-29,912.94,AU9999.SHG,黄金现货
2025-10-30,4.7009112986211,510300.SH,沪深300ETF
2025-10-30,3.1036220080821,510880.SH,红利
2025-10-30,0.367,512170.SH,医疗
2025-10-30,1.784,512400.SH,有色
2025-10-30,0.76,512480.SH,半导体
2025-10-30,0.579,512690.SH,酒
2025-10-30,0.812,512800.SH,银行
2025-10-30,1.267,512880.SH,证券
2025-10-30,906.89,AU9999.SHG,黄金现货
2025-10-31,4.6356073266104,510300.SH,沪深300ETF
2025-10-31,3.0959776188996,510880.SH,红利
2025-10-31,0.37,512170.SH,医疗
2025-10-31,1.744,512400.SH,有色
2025-10-31,0.7325,512480.SH,半导体
2025-10-31,0.588,512690.SH,酒
2025-10-31,0.813,512800.SH,银行
2025-10-31,1.254,512880.SH,证券
2025-10-31,921.5,AU9999.SHG,黄金现货
2025-11-03,4.6424301296563,510300.SH,沪深300ETF
2025-11-03,3.1370662107554,510880.SH,红利
2025-11-03,0.369,512170.SH,医疗
2025-11-03,1.719,512400.SH,有色
2025-11-03,0.726,512480.SH,半导体
2025-11-03,0.588,512690.SH,酒
2025-11-03,0.823,512800.SH,银行
2025-11-03,1.249,512880.SH,证券
2025-11-03,920.0,AU9999.SHG,黄金现货
2025-11-04,4.6092908005763,510300.SH,沪深300ETF
2025-11-04,3.1657326701896,510880.SH,红利
2025-11-04,0.363,512170.SH,医疗
2025-11-04,1.667,512400.SH,有色
2025-11-04,0.718,512480.SH,半导体
2025-11-04,0.581,512690.SH,酒
2025-11-04,0.84,512800.SH,银行
2025-11-04,1.243,512880.SH,证券
2025-11-04,916.49,AU9999.SHG,黄金现货
2025-11-05,4.6151389174727,510300.SH,沪深300ETF
2025-11-05,3.1743326080199,510880.SH,红利
2025-11-05,0.363,512170.SH,医疗
2025-11-05,1.674,512400.SH,有色
2025-11-05,0.712,512480.SH,半导体
2025-11-05,0.579,512690.SH,酒
2025-11-05,0.84,512800.SH,银行
2025-11-05,1.24,512880.SH,证券
2025-11-05,910.0,AU9999.SHG,黄金现货
2025-11-06,4.6833669479317,510300.SH,沪深300ETF
2025-11-06,3.1781548026111,510880.SH,红利
2025-11-06,0.362,512170.SH,医疗
2025-11-06,1.728,512400.SH,有色
2025-11-06,0.74,512480.SH,半导体
2025-11-06,0.58,512690.SH,酒
2025-11-06,0.836,512800.SH,银行
2025-11-06,1.254,512880.SH,证券
2025-11-06,918.0,AU9999.SHG,黄金现货
2025-11-07,4.6736200864375,510300.SH,沪深300ETF
2025-11-07,3.1829325458502,510880.SH,红利
2025-11-07,0.361,512170.SH,医疗
2025-11-07,1.738,512400.SH,有色
2025-11-07,0.7305,512480.SH,半导体
2025-11-07,0.578,512690.SH,酒
2025-11-07,0.835,512800.SH,银行
2025-11-07,1.244,512880.SH,证券
2025-11-07,918.03,AU9999.SHG,黄金现货
2025-11-10,4.6853163202305,510300.SH,沪深300ETF
2025-11-10,3.2068212620454,510880.SH,红利
2025-11-10,0.367,512170.SH,医疗
2025-11-10,1.746,512400.SH,有色
2025-11-10,0.7265,512480.SH,半导体
2025-11-10,0.604,512690.SH,酒
2025-11-10,0.839,512800.SH,银行
2025-11-10,1.26,512880.SH,证券
2025-11-10,934.81,AU9999.SHG,黄金现货
2025-11-11,4.6424301296563,510300.SH,沪深300ETF
2025-11-11,3.1982213242151,510880.SH,红利
2025-11-11,0.365,512170.SH,医疗
2025-11-11,1.722,512400.SH,有色
2025-11-11,0.7145,512480.SH,半导体
2025-11-11,0.603,512690.SH,酒
2025-11-11,0.843,512800.SH,银行
2025-11-11,1.245,512880.SH,证券
2025-11-11,946.79,AU9999.SHG,黄金现货
2025-11-12,4.6443795019551,510300.SH,沪深300ETF
2025-11-12,3.2106434566366,510880.SH,红利
2025-11-12,0.366,512170.SH,医疗
2025-11-12,1.723,512400.SH,有色
2025-11-12,0.711,512480.SH,半导体
2025-11-12,0.603,512690.SH,酒
2025-11-12,0.848,512800.SH,银行
2025-11-12,1.238,512880.SH,证券
2025-11-12,944.84,AU9999.SHG,黄金现货
2025-11-13,4.6901897509776,510300.SH,沪深300ETF
2025-11-13,3.2115990052844,510880.SH,红利
2025-11-13,0.368,512170.SH,医疗
2025-11-13,1.794,512400.SH,有色
2025-11-13,0.7235,512480.SH,半导体
2025-11-13,0.607,512690.SH,酒
2025-11-13,0.846,512800.SH,银行
2025-11-13,1.248,512880.SH,证券
2025-11-13,959.14,AU9999.SHG,黄金现货
2025-11-14,4.6209870343692,510300.SH,沪深300ETF
2025-11-14,3.1991768728629,510880.SH,红利
2025-11-14,0.365,512170.SH,医疗
2025-11-14,1.76,512400.SH,有色
2025-11-14,0.7,512480.SH,半导体
2025-11-14,0.598,512690.SH,酒
2025-11-14,0.849,512800.SH,银行
2025-11-14,1.232,512880.SH,证券
2025-11-14,948.03,AU9999.SHG,黄金现货
2025-11-17,4.5907717637374,510300.SH,沪深300ETF
2025-11-17,3.1810214485546,510880.SH,红利
2025-11-17,0.358,512170.SH,医疗
2025-11-17,1.751,512400.SH,有色
2025-11-17,0.6985,512480.SH,半导体
2025-11-17,0.598,512690.SH,酒
2025-11-17,0.838,512800.SH,银行
2025-11-17,1.218,512880.SH,证券
2025-11-17,931.42,AU9999.SHG,黄金现货
2025-11-18,4.5644552377032,510300.SH,沪深300ETF
2025-11-18,3.1380217594032,510880.SH,红利
2025-11-18,0.357,512170.SH,医疗
2025-11-18,1.702,512400.SH,有色
2025-11-18,0.7055,512480.SH,半导体
2025-11-18,0.595,512690.SH,酒
2025-11-18,0.834,512800.SH,银行
2025-11-18,1.22,512880.SH,证券
2025-11-18,916.96,AU9999.SHG,黄金现货
2025-11-19,4.578100843795,510300.SH,沪深300ETF
2025-11-19,3.1533105377681,510880.SH,红利
2025-11-19,0.354,512170.SH,医疗
2025-11-19,1.75,512400.SH,有色
2025-11-19,0.699,512480.SH,半导体
2025-11-19,0.592,512690.SH,酒
2025-11-19,0.842,512800.SH,银行
2025-11-19,1.221,512880.SH,证券
2025-11-19,935.33,AU9999.SHG,黄金现货
2025-11-20,4.5576324346573,510300.SH,沪深300ETF
2025-11-20,3.1533105377681,510880.SH,红利
2025-11-20,0.351,512170.SH,医疗
2025-11-20,1.742,512400.SH,有色
2025-11-20,0.6895,512480.SH,半导体
2025-11-20,0.59,512690.SH,酒
2025-11-20,0.849,512800.SH,银行
2025-11-20,1.217,512880.SH,证券
2025-11-20,929.95,AU9999.SHG,黄金现货
2025-11-21,4.448467585923,510300.SH,沪深300ETF
2025-11-21,3.1103108486167,510880.SH,红利
2025-11-21,0.344,512170.SH,医疗
2025-11-21,1.65,512400.SH,有色
2025-11-21,0.661,512480.SH,半导体
2025-11-21,0.585,512690.SH,酒
2025-11-21,0.84,512800.SH,银行
2025-11-21,1.173,512880.SH,证券
2025-11-21,924.44,AU9999.SHG,黄金现货
2025-11-24,4.4416447828771,510300.SH,沪深300ETF
2025-11-24,3.0835554864781,510880.SH,红利
2025-11-24,0.348,512170.SH,医疗
2025-11-24,1.638,512400.SH,有色
2025-11-24,0.6665,512480.SH,半导体
2025-11-24,0.581,512690.SH,酒
2025-11-24,0.835,512800.SH,银行
2025-11-24,1.175,512880.SH,证券
2025-11-24,926.0,AU9999.SHG,黄金现货
2025-11-25,4.4806322288537,510300.SH,沪深300ETF
2025-11-25,3.098844264843,510880.SH,红利
2025-11-25,0.347,512170.SH,医疗
2025-11-25,1.674,512400.SH,有色
2025-11-25,0.6735,512480.SH,半导体
2025-11-25,0.582,512690.SH,酒
2025-11-25,0.846,512800.SH,银行
2025-11-25,1.179,512880.SH,证券
2025-11-25,941.54,AU9999.SHG,黄金现货
2025-11-26,4.5088981271867,510300.SH,沪深300ETF
2025-11-26,3.0825999378303,510880.SH,红利
2025-11-26,0.348,512170.SH,医疗
2025-11-26,1.674,512400.SH,有色
2025-11-26,0.6845,512480.SH,半导体
2025-11-26,0.582,512690.SH,酒
2025-11-26,0.839,512800.SH,银行
2025-11-26,1.176,512880.SH,证券
2025-11-26,941.16,AU9999.SHG,黄金现货
2025-11-27,4.504999382589,510300.SH,沪深300ETF
2025-11-27,3.0864221324215,510880.SH,红利
2025-11-27,0.345,512170.SH,医疗
2025-11-27,1.676,512400.SH,有色
2025-11-27,0.6875,512480.SH,半导体
2025-11-27,0.583,512690.SH,酒
2025-11-27,0.842,512800.SH,银行
2025-11-27,1.175,512880.SH,证券
2025-11-27,943.98,AU9999.SHG,黄金现货
2025-11-28,4.5176703025314,510300.SH,沪深300ETF
2025-11-28,3.0864221324215,510880.SH,红利
2025-11-28,0.346,512170.SH,医疗
2025-11-28,1.704,512400.SH,有色
2025-11-28,0.6955,512480.SH,半导体
2025-11-28,0.583,512690.SH,酒
2025-11-28,0.836,512800.SH,银行
2025-11-28,1.18,512880.SH,证券
2025-11-28,948.15,AU9999.SHG,黄金现货
2025-12-01,4.5683539823009,510300.SH,沪深300ETF
2025-12-01,3.1007553621386,510880.SH,红利
2025-12-01,0.348,512170.SH,医疗
2025-12-01,1.756,512400.SH,有色
2025-12-01,0.708,512480.SH,半导体
2025-12-01,0.583,512690.SH,酒
2025-12-01,0.842,512800.SH,银行
2025-12-01,1.183,512880.SH,证券
2025-12-01,958.46,AU9999.SHG,黄金现货
2025-12-02,4.5478855731632,510300.SH,沪深300ETF
2025-12-02,3.1045775567299,510880.SH,红利
2025-12-02,0.343,512170.SH,医疗
2025-12-02,1.731,512400.SH,有色
2025-12-02,0.698,512480.SH,半导体
2025-12-02,0.577,512690.SH,酒
2025-12-02,0.841,512800.SH,银行
2025-12-02,1.172,512880.SH,证券
2025-12-02,954.89,AU9999.SHG,黄金现货
2025-12-03,4.5274171640255,510300.SH,沪深300ETF
2025-12-03,3.0969331675474,510880.SH,红利
2025-12-03,0.341,512170.SH,医疗
2025-12-03,1.742,512400.SH,有色
2025-12-03,0.692,512480.SH,半导体
2025-12-03,0.57,512690.SH,酒
2025-12-03,0.834,512800.SH,银行
2025-12-03,1.161,512880.SH,证券
2025-12-03,950.06,AU9999.SHG,黄金现货
2025-12-04,4.5391133978185,510300.SH,沪深300ETF
2025-12-04,3.0845110351259,510880.SH,红利
2025-12-04,0.341,512170.SH,医疗
2025-12-04,1.748,512400.SH,有色
2025-12-04,0.7055,512480.SH,半导体
2025-12-04,0.561,512690.SH,酒
2025-12-04,0.831,512800.SH,银行
2025-12-04,1.164,512880.SH,证券
2025-12-04,949.32,AU9999.SHG,黄金现货
2025-12-05,4.5790755299444,510300.SH,沪深300ETF
2025-12-05,3.0825999378303,510880.SH,红利
2025-12-05,0.344,512170.SH,医疗
2025-12-05,1.793,512400.SH,有色
2025-12-05,0.703,512480.SH,半导体
2025-12-05,0.563,512690.SH,酒
2025-12-05,0.827,512800.SH,银行
2025-12-05,1.194,512880.SH,证券
2025-12-05,956.5,AU9999.SHG,黄金现货
2025-12-08,4.6122148590245,510300.SH,沪深300ETF
2025-12-08,3.0673111594653,510880.SH,红利
2025-12-08,0.345,512170.SH,医疗
2025-12-08,1.806,512400.SH,有色
2025-12-08,0.7205,512480.SH,半导体
2025-12-08,0.557,512690.SH,酒
2025-12-08,0.827,512800.SH,银行
2025-12-08,1.217,512880.SH,证券
2025-12-08,954.1,AU9999.SHG,黄金现货
2025-12-09,4.5888223914386,510300.SH,沪深300ETF
2025-12-09,3.0424668946223,510880.SH,红利
2025-12-09,0.343,512170.SH,医疗
2025-12-09,1.746,512400.SH,有色
2025-12-09,0.718,512480.SH,半导体
2025-12-09,0.549,512690.SH,酒
2025-12-09,0.826,512800.SH,银行
2025-12-09,1.201,512880.SH,证券
2025-12-09,947.13,AU9999.SHG,黄金现货
2025-12-10,4.5829742745421,510300.SH,沪深300ETF
2025-12-10,3.0300447622008,510880.SH,红利
2025-12-10,0.343,512170.SH,医疗
2025-12-10,1.764,512400.SH,有色
2025-12-10,0.719,512480.SH,半导体
2025-12-10,0.553,512690.SH,酒
2025-12-10,0.814,512800.SH,银行
2025-12-10,1.206,512880.SH,证券
2025-12-10,950.91,AU9999.SHG,黄金现货
2025-12-11,4.549834945462,510300.SH,沪深300ETF
2025-12-11,3.0147559838359,510880.SH,红利
2025-12-11,0.34,512170.SH,医疗
2025-12-11,1.751,512400.SH,有色
2025-12-11,0.7075,512480.SH,半导体
2025-12-11,0.55,512690.SH,酒
2025-12-11,0.815,512800.SH,银行
2025-12-11,1.19,512880.SH,证券
2025-12-11,952.39,AU9999.SHG,黄金现货
2025-12-12,4.5751767853468,510300.SH,沪深300ETF
2025-12-12,3.0023338514144,510880.SH,红利
2025-12-12,0.342,512170.SH,医疗
2025-12-12,1.77,512400.SH,有色
2025-12-12,0.72,512480.SH,半导体
2025-12-12,0.551,512690.SH,酒
2025-12-12,0.813,512800.SH,银行
2025-12-12,1.196,512880.SH,证券
2025-12-12,964.25,AU9999.SHG,黄金现货
2025-12-15,4.5488602593126,510300.SH,沪深300ETF
2025-12-15,3.0271781162574,510880.SH,红利
2025-12-15,0.34,512170.SH,医疗
2025-12-15,1.762,512400.SH,有色
2025-12-15,0.7035,512480.SH,半导体
2025-12-15,0.554,512690.SH,酒
2025-12-15,0.815,512800.SH,银行
2025-12-15,1.202,512880.SH,证券
2025-12-15,976.82,AU9999.SHG,黄金现货
2025-12-16,4.5030500102902,510300.SH,沪深300ETF
2025-12-16,3.0004227541187,510880.SH,红利
2025-12-16,0.338,512170.SH,医疗
2025-12-16,1.715,512400.SH,有色
2025-12-16,0.691,512480.SH,半导体
2025-12-16,0.555,512690.SH,酒
2025-12-16,0.81,512800.SH,银行
2025-12-16,1.193,512880.SH,证券
2025-12-16,964.89,AU9999.SHG,黄金现货
2025-12-17,4.5800502160938,510300.SH,沪深300ETF
2025-12-17,3.0032894000622,510880.SH,红利
2025-12-17,0.343,512170.SH,医疗
2025-12-17,1.775,512400.SH,有色
2025-12-17,0.706,512480.SH,半导体
2025-12-17,0.553,512690.SH,酒
2025-12-17,0.812,512800.SH,银行
2025-12-17,1.218,512880.SH,证券
2025-12-17,972.71,AU9999.SHG,黄金现货
2025-12-18,4.549834945462,510300.SH,沪深300ETF
2025-12-18,3.033866956792,510880.SH,红利
2025-12-18,0.346,512170.SH,医疗
2025-12-18,1.772,512400.SH,有色
2025-12-18,0.7005,512480.SH,半导体
2025-12-18,0.552,512690.SH,酒
2025-12-18,0.827,512800.SH,银行
2025-12-18,1.206,512880.SH,证券
2025-12-18,975.55,AU9999.SHG,黄金现货
2025-12-19,4.5693286684503,510300.SH,沪深300ETF
2025-12-19,3.0329114081442,510880.SH,红利
2025-12-19,0.349,512170.SH,医疗
2025-12-19,1.807,512400.SH,有色
2025-12-19,0.699,512480.SH,半导体
2025-12-19,0.554,512690.SH,酒
2025-12-19,0.824,512800.SH,银行
2025-12-19,1.211,512880.SH,证券
2025-12-19,975.51,AU9999.SHG,黄金现货
2025-12-22,4.6102654867257,510300.SH,沪深300ETF
2025-12-22,3.0185781784271,510880.SH,红利
2025-12-22,0.347,512170.SH,医疗
2025-12-22,1.847,512400.SH,有色
2025-12-22,0.718,512480.SH,半导体
2025-12-22,0.553,512690.SH,酒
2025-12-22,0.819,512800.SH,银行
2025-12-22,1.211,512880.SH,证券
2025-12-22,992.79,AU9999.SHG,黄金现货
2025-12-23,4.6200123482198,510300.SH,沪深300ETF
2025-12-23,3.0195337270749,510880.SH,红利
2025-12-23,0.344,512170.SH,医疗
2025-12-23,1.859,512400.SH,有色
2025-12-23,0.725,512480.SH,半导体
2025-12-23,0.55,512690.SH,酒
2025-12-23,0.82,512800.SH,银行
2025-12-23,1.207,512880.SH,证券
2025-12-23,1006.87,AU9999.SHG,黄金现货
2025-12-24,4.6365820127598,510300.SH,沪深300ETF
2025-12-24,3.024311470314,510880.SH,红利
2025-12-24,0.345,512170.SH,医疗
2025-12-24,1.869,512400.SH,有色
2025-12-24,0.736,512480.SH,半导体
2025-12-24,0.548,512690.SH,酒
2025-12-24,0.82,512800.SH,银行
2025-12-24,1.218,512880.SH,证券
2025-12-24,1007.69,AU9999.SHG,黄金现货
2025-12-25,4.6453541881045,510300.SH,沪深300ETF
2025-12-25,3.0329114081442,510880.SH,红利
2025-12-25,0.349,512170.SH,医疗
2025-12-25,1.847,512400.SH,有色
2025-12-25,0.7355,512480.SH,半导体
2025-12-25,0.554,512690.SH,酒
2025-12-25,0.819,512800.SH,银行
2025-12-25,1.221,512880.SH,证券
2025-12-25,1002.98,AU9999.SHG,黄金现货
2025-12-26,4.662898538794,510300.SH,沪深300ETF
2025-12-26,3.0453335405657,510880.SH,红利
2025-12-26,0.347,512170.SH,医疗
2025-12-26,1.92,512400.SH,有色
2025-12-26,0.7325,512480.SH,半导体
2025-12-26,0.55,512690.SH,酒
2025-12-26,0.816,512800.SH,银行
2025-12-26,1.229,512880.SH,证券
2025-12-26,1007.0,AU9999.SHG,黄金现货
2025-12-29,4.6424301296563,510300.SH,沪深300ETF
2025-12-29,3.0434224432701,510880.SH,红利
2025-12-29,0.345,512170.SH,医疗
2025-12-29,1.878,512400.SH,有色
2025-12-29,0.733,512480.SH,半导体
2025-12-29,0.543,512690.SH,酒
2025-12-29,0.824,512800.SH,银行
2025-12-29,1.222,512880.SH,证券
2025-12-29,1004.0,AU9999.SHG,黄金现货
2025-12-30,4.6521769911504,510300.SH,沪深300ETF
2025-12-30,3.0462890892136,510880.SH,红利
2025-12-30,0.342,512170.SH,医疗
2025-12-30,1.909,512400.SH,有色
2025-12-30,0.743,512480.SH,半导体
2025-12-30,0.541,512690.SH,酒
2025-12-30,0.824,512800.SH,银行
2025-12-30,1.216,512880.SH,证券
2025-12-30,981.91,AU9999.SHG,黄金现货
2025-12-31,4.6326832681622,510300.SH,沪深300ETF
2025-12-31,3.0415113459745,510880.SH,红利
2025-12-31,0.34,512170.SH,医疗
2025-12-31,1.927,512400.SH,有色
2025-12-31,0.732,512480.SH,半导体
2025-12-31,0.536,512690.SH,酒
2025-12-31,0.823,512800.SH,银行
2025-12-31,1.211,512880.SH,证券
2025-12-31,974.9,AU9999.SHG,黄金现货
2026-01-05,4.7213797077588,510300.SH,沪深300ETF
2026-01-05,3.0386447000311,510880.SH,红利
2026-01-05,0.358,512170.SH,医疗
2026-01-05,1.981,512400.SH,有色
2026-01-05,0.765,512480.SH,半导体
2026-01-05,0.546,512690.SH,酒
2026-01-05,0.82,512800.SH,银行
2026-01-05,1.235,512880.SH,证券
2026-01-05,993.57,AU9999.SHG,黄金现货
2026-01-06,4.7944811689648,510300.SH,沪深300ETF
2026-01-06,3.0749555486478,510880.SH,红利
2026-01-06,0.362,512170.SH,医疗
2026-01-06,2.06,512400.SH,有色
2026-01-06,0.7815,512480.SH,半导体
2026-01-06,0.55,512690.SH,酒
2026-01-06,0.825,512800.SH,银行
2026-01-06,1.286,512880.SH,证券
2026-01-06,1003.01,AU9999.SHG,黄金现货
2026-01-07,4.7769368182754,510300.SH,沪深300ETF
2026-01-07,3.0883332297171,510880.SH,红利
2026-01-07,0.362,512170.SH,医疗
2026-01-07,2.068,512400.SH,有色
2026-01-07,0.8015,512480.SH,半导体
2026-01-07,0.547,512690.SH,酒
2026-01-07,0.819,512800.SH,银行
2026-01-07,1.267,512880.SH,证券
2026-01-07,999.68,AU9999.SHG,黄金现货
2026-01-08,4.7398987445977,510300.SH,沪深300ETF
2026-01-08,3.0778221945912,510880.SH,红利
2026-01-08,0.366,512170.SH,医疗
2026-01-08,2.032,512400.SH,有色
2026-01-08,0.8035,512480.SH,半导体
2026-01-08,0.546,512690.SH,酒
2026-01-08,0.811,512800.SH,银行
2026-01-08,1.233,512880.SH,证券
2026-01-08,996.21,AU9999.SHG,黄金现货
2026-01-09,4.7613418398848,510300.SH,沪深300ETF
2026-01-09,3.0902443270127,510880.SH,红利
2026-01-09,0.375,512170.SH,医疗
2026-01-09,2.094,512400.SH,有色
2026-01-09,0.809,512480.SH,半导体
2026-01-09,0.547,512690.SH,酒
2026-01-09,0.808,512800.SH,银行
2026-01-09,1.237,512880.SH,证券
2026-01-09,1003.49,AU9999.SHG,黄金现货
2026-01-12,4.7886330520683,510300.SH,沪深300ETF
2026-01-12,3.0873776810693,510880.SH,红利
2026-01-12,0.381,512170.SH,医疗
2026-01-12,2.118,512400.SH,有色
2026-01-12,0.823,512480.SH,半导体
2026-01-12,0.553,512690.SH,酒
2026-01-12,0.812,512800.SH,银行
2026-01-12,1.254,512880.SH,证券
2026-01-12,1023.71,AU9999.SHG,黄金现货
2026-01-13,4.7720633875283,510300.SH,沪深300ETF
2026-01-13,3.0854665837737,510880.SH,红利
2026-01-13,0.387,512170.SH,医疗
2026-01-13,2.141,512400.SH,有色
2026-01-13,0.7965,512480.SH,半导体
2026-01-13,0.548,512690.SH,酒
2026-01-13,0.815,512800.SH,银行
2026-01-13,1.246,512880.SH,证券
2026-01-13,1025.02,AU9999.SHG,黄金现货
2026-01-14,4.7428228030459,510300.SH,沪深300ETF
2026-01-14,3.0568001243394,510880.SH,红利
2026-01-14,0.39,512170.SH,医疗
2026-01-14,2.148,512400.SH,有色
2026-01-14,0.8085,512480.SH,半导体
2026-01-14,0.545,512690.SH,酒
2026-01-14,0.804,512800.SH,银行
2026-01-14,1.237,512880.SH,证券
2026-01-14,1038.0,AU9999.SHG,黄金现货
2026-01-15,4.7515949783906,510300.SH,沪深300ETF
2026-01-15,3.0462890892136,510880.SH,红利
2026-01-15,0.385,512170.SH,医疗
2026-01-15,2.206,512400.SH,有色
2026-01-15,0.8245,512480.SH,半导体
2026-01-15,0.54,512690.SH,酒
2026-01-15,0.795,512800.SH,银行
2026-01-15,1.218,512880.SH,证券
2026-01-15,1034.27,AU9999.SHG,黄金现货
2026-01-16,4.736,510300.SH,沪深300ETF
2026-01-16,3.0224003730183,510880.SH,红利
2026-01-16,0.375,512170.SH,医疗
2026-01-16,2.175,512400.SH,有色
2026-01-16,0.851,512480.SH,半导体
2026-01-16,0.537,512690.SH,酒
2026-01-16,0.787,512800.SH,银行
2026-01-16,1.208,512880.SH,证券
2026-01-16,1032.63,AU9999.SHG,黄金现货
2026-01-19,4.738,510300.SH,沪深300ETF
2026-01-19,3.0376891513833,510880.SH,红利
2026-01-19,0.372,512170.SH,医疗
2026-01-19,2.177,512400.SH,有色
2026-01-19,0.847,512480.SH,半导体
2026-01-19,0.535,512690.SH,酒
2026-01-19,0.784,512800.SH,银行
2026-01-19,1.203,512880.SH,证券
2026-01-19,1045.72,AU9999.SHG,黄金现货
2026-01-20,4.724,510300.SH,沪深300ETF
2026-01-20,3.074,510880.SH,红利
2026-01-20,0.367,512170.SH,医疗
2026-01-20,2.184,512400.SH,有色
2026-01-20,0.841,512480.SH,半导体
2026-01-20,0.54,512690.SH,酒
2026-01-20,0.79,512800.SH,银行
2026-01-20,1.207,512880.SH,证券
2026-01-20,1056.43,AU9999.SHG,黄金现货
2026-01-21,4.73,510300.SH,沪深300ETF
2026-01-21,3.057,510880.SH,红利
2026-01-21,0.368,512170.SH,医疗
2026-01-21,2.253,512400.SH,有色
2026-01-21,0.873,512480.SH,半导体
2026-01-21,0.531,512690.SH,酒
2026-01-21,0.778,512800.SH,银行
2026-01-21,1.201,512880.SH,证券
2026-01-21,1087.81,AU9999.SHG,黄金现货
2026-01-22,4.727,510300.SH,沪深300ETF
2026-01-22,3.077,510880.SH,红利
2026-01-22,0.366,512170.SH,医疗
2026-01-22,2.236,512400.SH,有色
2026-01-22,0.8675,512480.SH,半导体
2026-01-22,0.529,512690.SH,酒
2026-01-22,0.775,512800.SH,银行
2026-01-22,1.203,512880.SH,证券
2026-01-22,1083.69,AU9999.SHG,黄金现货
2026-01-23,4.704,510300.SH,沪深300ETF
2026-01-23,3.069,510880.SH,红利
2026-01-23,0.371,512170.SH,医疗
2026-01-23,2.293,512400.SH,有色
2026-01-23,0.869,512480.SH,半导体
2026-01-23,0.527,512690.SH,酒
2026-01-23,0.767,512800.SH,银行
2026-01-23,1.2,512880.SH,证券
2026-01-23,1110.3,AU9999.SHG,黄金现货
2026-01-26,4.712,510300.SH,沪深300ETF
2026-01-26,3.106,510880.SH,红利
2026-01-26,0.369,512170.SH,医疗
2026-01-26,2.414,512400.SH,有色
2026-01-26,0.849,512480.SH,半导体
2026-01-26,0.524,512690.SH,酒
2026-01-26,0.771,512800.SH,银行
2026-01-26,1.211,512880.SH,证券
2026-01-26,1144.45,AU9999.SHG,黄金现货
2026-01-27,4.71,510300.SH,沪深300ETF
2026-01-27,3.081,510880.SH,红利
2026-01-27,0.363,512170.SH,医疗
2026-01-27,2.391,512400.SH,有色
2026-01-27,0.872,512480.SH,半导体
2026-01-27,0.516,512690.SH,酒
2026-01-27,0.77,512800.SH,银行
2026-01-27,1.197,512880.SH,证券
2026-01-27,1144.14,AU9999.SHG,黄金现货
2026-01-28,4.725,510300.SH,沪深300ETF
2026-01-28,3.132,510880.SH,红利
2026-01-28,0.357,512170.SH,医疗
2026-01-28,2.549,512400.SH,有色
2026-01-28,0.882,512480.SH,半导体
2026-01-28,0.516,512690.SH,酒
2026-01-28,0.765,512800.SH,银行
2026-01-28,1.197,512880.SH,证券
2026-01-28,1184.96,AU9999.SHG,黄金现货
2026-01-29,4.768,510300.SH,沪深300ETF
2026-01-29,3.166,510880.SH,红利
2026-01-29,0.362,512170.SH,医疗
2026-01-29,2.595,512400.SH,有色
2026-01-29,0.847,512480.SH,半导体
2026-01-29,0.568,512690.SH,酒
2026-01-29,0.778,512800.SH,银行
2026-01-29,1.212,512880.SH,证券
2026-01-29,1243.02,AU9999.SHG,黄金现货
2026-01-30,4.711,510300.SH,沪深300ETF
2026-01-30,3.144,510880.SH,红利
2026-01-30,0.356,512170.SH,医疗
2026-01-30,2.339,512400.SH,有色
2026-01-30,0.8555,512480.SH,半导体
2026-01-30,0.541,512690.SH,酒
2026-01-30,0.775,512800.SH,银行
2026-01-30,1.194,512880.SH,证券
2026-01-30,1163.95,AU9999.SHG,黄金现货
2026-02-02,4.6,510300.SH,沪深300ETF
2026-02-02,3.046,510880.SH,红利
2026-02-02,0.348,512170.SH,医疗
2026-02-02,2.105,512400.SH,有色
2026-02-02,0.809,512480.SH,半导体
2026-02-02,0.549,512690.SH,酒
2026-02-02,0.776,512800.SH,银行
2026-02-02,1.178,512880.SH,证券
2026-02-02,1030.0,AU9999.SHG,黄金现货
2026-02-03,4.664,510300.SH,沪深300ETF
2026-02-03,3.051,510880.SH,红利
2026-02-03,0.354,512170.SH,医疗
2026-02-03,2.249,512400.SH,有色
2026-02-03,0.821,512480.SH,半导体
2026-02-03,0.551,512690.SH,酒
2026-02-03,0.768,512800.SH,银行
2026-02-03,1.174,512880.SH,证券
2026-02-03,1097.89,AU9999.SHG,黄金现货
2026-02-04,4.707,510300.SH,沪深300ETF
2026-02-04,3.15,510880.SH,红利
2026-02-04,0.36,512170.SH,医疗
2026-02-04,2.253,512400.SH,有色
2026-02-04,0.804,512480.SH,半导体
2026-02-04,0.562,512690.SH,酒
2026-02-04,0.779,512800.SH,银行
2026-02-04,1.191,512880.SH,证券
2026-02-04,1140.3,AU9999.SHG,黄金现货
2026-02-05,4.679,510300.SH,沪深300ETF
2026-02-05,3.136,510880.SH,红利
2026-02-05,0.36,512170.SH,医疗
2026-02-05,2.144,512400.SH,有色
2026-02-05,0.7955,512480.SH,半导体
2026-02-05,0.565,512690.SH,酒
2026-02-05,0.792,512800.SH,银行
2026-02-05,1.193,512880.SH,证券
2026-02-05,1105.47,AU9999.SHG,黄金现货
2026-02-06,4.649,510300.SH,沪深300ETF
2026-02-06,3.126,510880.SH,红利
2026-02-06,0.358,512170.SH,医疗
2026-02-06,2.153,512400.SH,有色
2026-02-06,0.7885,512480.SH,半导体
2026-02-06,0.554,512690.SH,酒
2026-02-06,0.79,512800.SH,银行
2026-02-06,1.186,512880.SH,证券
2026-02-06,1093.85,AU9999.SHG,黄金现货
2026-02-09,4.727,510300.SH,沪深300ETF
2026-02-09,3.144,510880.SH,红利
2026-02-09,0.359,512170.SH,医疗
2026-02-09,2.199,512400.SH,有色
2026-02-09,0.814,512480.SH,半导体
2026-02-09,0.554,512690.SH,酒
2026-02-09,0.792,512800.SH,银行
2026-02-09,1.197,512880.SH,证券
2026-02-09,1116.02,AU9999.SHG,黄金现货
2026-02-10,4.733,510300.SH,沪深300ETF
2026-02-10,3.156,510880.SH,红利
2026-02-10,0.362,512170.SH,医疗
2026-02-10,2.195,512400.SH,有色
2026-02-10,0.818,512480.SH,半导体
2026-02-10,0.545,512690.SH,酒
2026-02-10,0.794,512800.SH,银行
2026-02-10,1.196,512880.SH,证券
2026-02-10,1116.69,AU9999.SHG,黄金现货
2026-02-11,4.723,510300.SH,沪深300ETF
2026-02-11,3.183,510880.SH,红利
2026-02-11,0.36,512170.SH,医疗
2026-02-11,2.256,512400.SH,有色
2026-02-11,0.8085,512480.SH,半导体
2026-02-11,0.545,512690.SH,酒
2026-02-11,0.796,512800.SH,银行
2026-02-11,1.194,512880.SH,证券
2026-02-11,1123.02,AU9999.SHG,黄金现货
2026-02-12,4.727,510300.SH,沪深300ETF
2026-02-12,3.18,510880.SH,红利
2026-02-12,0.358,512170.SH,医疗
2026-02-12,2.271,512400.SH,有色
2026-02-12,0.826,512480.SH,半导体
2026-02-12,0.535,512690.SH,酒
2026-02-12,0.784,512800.SH,银行
2026-02-12,1.185,512880.SH,证券
2026-02-12,1122.52,AU9999.SHG,黄金现货
2026-02-13,4.671,510300.SH,沪深300ETF
2026-02-13,3.137,510880.SH,红利
2026-02-13,0.353,512170.SH,医疗
2026-02-13,2.193,512400.SH,有色
2026-02-13,0.8275,512480.SH,半导体
2026-02-13,0.535,512690.SH,酒
2026-02-13,0.779,512800.SH,银行
2026-02-13,1.174,512880.SH,证券
2026-02-13,1108.92,AU9999.SHG,黄金现货
2026-02-24,4.716,510300.SH,沪深300ETF
2026-02-24,3.19,510880.SH,红利
2026-02-24,0.353,512170.SH,医疗
2026-02-24,2.26,512400.SH,有色
2026-02-24,0.8305,512480.SH,半导体
2026-02-24,0.529,512690.SH,酒
2026-02-24,0.777,512800.SH,银行
2026-02-24,1.172,512880.SH,证券
2026-02-24,1147.66,AU9999.SHG,黄金现货
2026-02-25,4.75,510300.SH,沪深300ETF
2026-02-25,3.194,510880.SH,红利
2026-02-25,0.356,512170.SH,医疗
2026-02-25,2.347,512400.SH,有色
2026-02-25,0.8375,512480.SH,半导体
2026-02-25,0.532,512690.SH,酒
2026-02-25,0.774,512800.SH,银行
2026-02-25,1.179,512880.SH,证券
2026-02-25,1145.64,AU9999.SHG,黄金现货
2026-02-26,4.735,510300.SH,沪深300ETF
2026-02-26,3.195,510880.SH,红利
2026-02-26,0.352,512170.SH,医疗
2026-02-26,2.329,512400.SH,有色
2026-02-26,0.8495,512480.SH,半导体
2026-02-26,0.525,512690.SH,酒
2026-02-26,0.772,512800.SH,银行
2026-02-26,1.166,512880.SH,证券
2026-02-26,1144.51,AU9999.SHG,黄金现货
2026-02-27,4.725,510300.SH,沪深300ETF
2026-02-27,3.232,510880.SH,红利
2026-02-27,0.354,512170.SH,医疗
2026-02-27,2.41,512400.SH,有色
2026-02-27,0.8425,512480.SH,半导体
2026-02-27,0.526,512690.SH,酒
2026-02-27,0.773,512800.SH,银行
2026-02-27,1.169,512880.SH,证券
2026-02-27,1142.97,AU9999.SHG,黄金现货
2026-03-02,4.739,510300.SH,沪深300ETF
2026-03-02,3.303,510880.SH,红利
2026-03-02,0.348,512170.SH,医疗
2026-03-02,2.498,512400.SH,有色
2026-03-02,0.8275,512480.SH,半导体
2026-03-02,0.516,512690.SH,酒
2026-03-02,0.777,512800.SH,银行
2026-03-02,1.154,512880.SH,证券
2026-03-02,1199.45,AU9999.SHG,黄金现货
2026-03-03,4.678,510300.SH,沪深300ETF
2026-03-03,3.367,510880.SH,红利
2026-03-03,0.339,512170.SH,医疗
2026-03-03,2.362,512400.SH,有色
2026-03-03,0.7795,512480.SH,半导体
2026-03-03,0.515,512690.SH,酒
2026-03-03,0.784,512800.SH,银行
2026-03-03,1.144,512880.SH,证券
2026-03-03,1182.0,AU9999.SHG,黄金现货
2026-03-04,4.61,510300.SH,沪深300ETF
2026-03-04,3.304,510880.SH,红利
2026-03-04,0.334,512170.SH,医疗
2026-03-04,2.345,512400.SH,有色
2026-03-04,0.7795,512480.SH,半导体
2026-03-04,0.502,512690.SH,酒
2026-03-04,0.775,512800.SH,银行
2026-03-04,1.115,512880.SH,证券
2026-03-04,1153.18,AU9999.SHG,黄金现货
2026-03-05,4.654,510300.SH,沪深300ETF
2026-03-05,3.291,510880.SH,红利
2026-03-05,0.334,512170.SH,医疗
2026-03-05,2.326,512400.SH,有色
2026-03-05,0.793,512480.SH,半导体
2026-03-05,0.503,512690.SH,酒
2026-03-05,0.783,512800.SH,银行
2026-03-05,1.117,512880.SH,证券
2026-03-05,1149.61,AU9999.SHG,黄金现货
2026-03-06,4.667,510300.SH,沪深300ETF
2026-03-06,3.285,510880.SH,红利
2026-03-06,0.342,512170.SH,医疗
2026-03-06,2.279,512400.SH,有色
2026-03-06,0.793,512480.SH,半导体
2026-03-06,0.51,512690.SH,酒
2026-03-06,0.784,512800.SH,银行
2026-03-06,1.131,512880.SH,证券
2026-03-06,1139.33,AU9999.SHG,黄金现货
2026-03-09,4.629,510300.SH,沪深300ETF
2026-03-09,3.309,510880.SH,红利
2026-03-09,0.337,512170.SH,医疗
2026-03-09,2.257,512400.SH,有色
2026-03-09,0.777,512480.SH,半导体
2026-03-09,0.505,512690.SH,酒
2026-03-09,0.778,512800.SH,银行
2026-03-09,1.112,512880.SH,证券
2026-03-09,1140.38,AU9999.SHG,黄金现货
2026-03-10,4.683,510300.SH,沪深300ETF
2026-03-10,3.27,510880.SH,红利
2026-03-10,0.342,512170.SH,医疗
2026-03-10,2.279,512400.SH,有色
2026-03-10,0.7975,512480.SH,半导体
2026-03-10,0.508,512690.SH,酒
2026-03-10,0.779,512800.SH,银行
2026-03-10,1.12,512880.SH,证券
2026-03-10,1144.78,AU9999.SHG,黄金现货
2026-03-11,4.711,510300.SH,沪深300ETF
2026-03-11,3.313,510880.SH,红利
2026-03-11,0.343,512170.SH,医疗
2026-03-11,2.271,512400.SH,有色
2026-03-11,0.7885,512480.SH,半导体
2026-03-11,0.506,512690.SH,酒
2026-03-11,0.786,512800.SH,银行
2026-03-11,1.123,512880.SH,证券
2026-03-11,1150.42,AU9999.SHG,黄金现货
2026-03-12,4.694,510300.SH,沪深300ETF
2026-03-12,3.381,510880.SH,红利
2026-03-12,0.34,512170.SH,医疗
2026-03-12,2.254,512400.SH,有色
2026-03-12,0.7775,512480.SH,半导体
2026-03-12,0.506,512690.SH,酒
2026-03-12,0.793,512800.SH,银行
2026-03-12,1.121,512880.SH,证券
2026-03-12,1146.45,AU9999.SHG,黄金现货
2026-03-13,4.677,510300.SH,沪深300ETF
2026-03-13,3.364,510880.SH,红利
2026-03-13,0.338,512170.SH,医疗
2026-03-13,2.193,512400.SH,有色
2026-03-13,0.772,512480.SH,半导体
2026-03-13,0.512,512690.SH,酒
2026-03-13,0.795,512800.SH,银行
2026-03-13,1.112,512880.SH,证券
2026-03-13,1131.09,AU9999.SHG,黄金现货
2026-03-16,4.68,510300.SH,沪深300ETF
2026-03-16,3.335,510880.SH,红利
2026-03-16,0.339,512170.SH,医疗
2026-03-16,2.126,512400.SH,有色
2026-03-16,0.7885,512480.SH,半导体
2026-03-16,0.519,512690.SH,酒
2026-03-16,0.797,512800.SH,银行
2026-03-16,1.106,512880.SH,证券
2026-03-16,1114.61,AU9999.SHG,黄金现货
2026-03-17,4.646,510300.SH,沪深300ETF
2026-03-17,3.309,510880.SH,红利
2026-03-17,0.339,512170.SH,医疗
2026-03-17,2.091,512400.SH,有色
2026-03-17,0.767,512480.SH,半导体
2026-03-17,0.518,512690.SH,酒
2026-03-17,0.804,512800.SH,银行
2026-03-17,1.118,512880.SH,证券
2026-03-17,1115.97,AU9999.SHG,黄金现货
2026-03-18,4.662,510300.SH,沪深300ETF
2026-03-18,3.296,510880.SH,红利
2026-03-18,0.338,512170.SH,医疗
2026-03-18,2.075,512400.SH,有色
2026-03-18,0.784,512480.SH,半导体
2026-03-18,0.513,512690.SH,酒
2026-03-18,0.802,512800.SH,银行
2026-03-18,1.114,512880.SH,证券
2026-03-18,1111.89,AU9999.SHG,黄金现货
2026-03-19,4.599,510300.SH,沪深300ETF
2026-03-19,3.305,510880.SH,红利
2026-03-19,0.332,512170.SH,医疗
2026-03-19,1.944,512400.SH,有色
2026-03-19,0.7635,512480.SH,半导体
2026-03-19,0.504,512690.SH,酒
2026-03-19,0.799,512800.SH,银行
2026-03-19,1.101,512880.SH,证券
2026-03-19,1061.0,AU9999.SHG,黄金现货
2026-03-20,4.576,510300.SH,沪深300ETF
2026-03-20,3.296,510880.SH,红利
2026-03-20,0.326,512170.SH,医疗
2026-03-20,1.917,512400.SH,有色
2026-03-20,0.7505,512480.SH,半导体
2026-03-20,0.5,512690.SH,酒
2026-03-20,0.797,512800.SH,银行
2026-03-20,1.083,512880.SH,证券
2026-03-20,1041.59,AU9999.SHG,黄金现货
2026-03-23,4.43,510300.SH,沪深300ETF
2026-03-23,3.234,510880.SH,红利
2026-03-23,0.312,512170.SH,医疗
2026-03-23,1.823,512400.SH,有色
2026-03-23,0.7125,512480.SH,半导体
2026-03-23,0.484,512690.SH,酒
2026-03-23,0.771,512800.SH,银行
2026-03-23,1.036,512880.SH,证券
2026-03-23,924.65,AU9999.SHG,黄金现货
2026-03-24,4.479,510300.SH,沪深300ETF
2026-03-24,3.269,510880.SH,红利
2026-03-24,0.319,512170.SH,医疗
2026-03-24,1.892,512400.SH,有色
2026-03-24,0.7255,512480.SH,半导体
2026-03-24,0.49,512690.SH,酒
2026-03-24,0.787,512800.SH,银行
2026-03-24,1.047,512880.SH,证券
2026-03-24,979.56,AU9999.SHG,黄金现货
2026-03-25,4.544,510300.SH,沪深300ETF
2026-03-25,3.256,510880.SH,红利
2026-03-25,0.324,512170.SH,医疗
2026-03-25,1.952,512400.SH,有色
2026-03-25,0.745,512480.SH,半导体
2026-03-25,0.492,512690.SH,酒
2026-03-25,0.794,512800.SH,银行
2026-03-25,1.059,512880.SH,证券
2026-03-25,1015.45,AU9999.SHG,黄金现货
2026-03-26,4.488,510300.SH,沪深300ETF
2026-03-26,3.268,510880.SH,红利
2026-03-26,0.319,512170.SH,医疗
2026-03-26,1.919,512400.SH,有色
2026-03-26,0.7265,512480.SH,半导体
2026-03-26,0.486,512690.SH,酒
2026-03-26,0.796,512800.SH,银行
2026-03-26,1.035,512880.SH,证券
2026-03-26,991.36,AU9999.SHG,黄金现货
2026-03-27,4.508,510300.SH,沪深300ETF
2026-03-27,3.267,510880.SH,红利
2026-03-27,0.327,512170.SH,医疗
2026-03-27,1.976,512400.SH,有色
2026-03-27,0.734,512480.SH,半导体
2026-03-27,0.492,512690.SH,酒
2026-03-27,0.792,512800.SH,银行
2026-03-27,1.041,512880.SH,证券
2026-03-27,993.9,AU9999.SHG,黄金现货
2026-03-30,4.5,510300.SH,沪深300ETF
2026-03-30,3.299,510880.SH,红利
2026-03-30,0.33,512170.SH,医疗
2026-03-30,2.008,512400.SH,有色
2026-03-30,0.7335,512480.SH,半导体
2026-03-30,0.493,512690.SH,酒
2026-03-30,0.795,512800.SH,银行
2026-03-30,1.037,512880.SH,证券
2026-03-30,1008.75,AU9999.SHG,黄金现货
2026-03-31,4.463,510300.SH,沪深300ETF
2026-03-31,3.251,510880.SH,红利
2026-03-31,0.33,512170.SH,医疗
2026-03-31,1.983,512400.SH,有色
2026-03-31,0.7075,512480.SH,半导体
2026-03-31,0.493,512690.SH,酒
2026-03-31,0.802,512800.SH,银行
2026-03-31,1.029,512880.SH,证券
2026-03-31,1018.9,AU9999.SHG,黄金现货
2026-04-01,4.534,510300.SH,沪深300ETF
2026-04-01,3.241,510880.SH,红利
2026-04-01,0.341,512170.SH,医疗
2026-04-01,2.026,512400.SH,有色
2026-04-01,0.729,512480.SH,半导体
2026-04-01,0.498,512690.SH,酒
2026-04-01,0.802,512800.SH,银行
2026-04-01,1.045,512880.SH,证券
2026-04-01,1047.89,AU9999.SHG,黄金现货
2026-04-02,4.489,510300.SH,沪深300ETF
2026-04-02,3.258,510880.SH,红利
2026-04-02,0.339,512170.SH,医疗
2026-04-02,1.991,512400.SH,有色
2026-04-02,0.7065,512480.SH,半导体
2026-04-02,0.499,512690.SH,酒
2026-04-02,0.805,512800.SH,银行
2026-04-02,1.025,512880.SH,证券
2026-04-02,1027.5,AU9999.SHG,黄金现货
2026-04-03,4.454,510300.SH,沪深300ETF
2026-04-03,3.216,510880.SH,红利
2026-04-03,0.33,512170.SH,医疗
2026-04-03,1.971,512400.SH,有色
2026-04-03,0.7065,512480.SH,半导体
2026-04-03,0.494,512690.SH,酒
2026-04-03,0.797,512800.SH,银行
2026-04-03,1.016,512880.SH,证券
2026-04-03,1034.42,AU9999.SHG,黄金现货
2026-04-07,4.446,510300.SH,沪深300ETF
2026-04-07,3.228,510880.SH,红利
2026-04-07,0.332,512170.SH,医疗
2026-04-07,1.992,512400.SH,有色
2026-04-07,0.7185,512480.SH,半导体
2026-04-07,0.491,512690.SH,酒
2026-04-07,0.788,512800.SH,银行
2026-04-07,1.015,512880.SH,证券
2026-04-07,1028.0,AU9999.SHG,黄金现货
2026-04-08,4.602,510300.SH,沪深300ETF
2026-04-08,3.227,510880.SH,红利
2026-04-08,0.339,512170.SH,医疗
2026-04-08,2.119,512400.SH,有色
2026-04-08,0.7655,512480.SH,半导体
2026-04-08,0.498,512690.SH,酒
2026-04-08,0.794,512800.SH,银行
2026-04-08,1.054,512880.SH,证券
2026-04-08,1059.91,AU9999.SHG,黄金现货
2026-04-09,4.572,510300.SH,沪深300ETF
2026-04-09,3.212,510880.SH,红利
2026-04-09,0.336,512170.SH,医疗
2026-04-09,2.103,512400.SH,有色
2026-04-09,0.766,512480.SH,半导体
2026-04-09,0.49,512690.SH,酒
2026-04-09,0.788,512800.SH,银行
2026-04-09,1.031,512880.SH,证券
2026-04-09,1036.0,AU9999.SHG,黄金现货
2026-04-10,4.642,510300.SH,沪深300ETF
2026-04-10,3.218,510880.SH,红利
2026-04-10,0.339,512170.SH,医疗
2026-04-10,2.096,512400.SH,有色
2026-04-10,0.7805,512480.SH,半导体
2026-04-10,0.491,512690.SH,酒
2026-04-10,0.787,512800.SH,银行
2026-04-10,1.068,512880.SH,证券
2026-04-10,1047.23,AU9999.SHG,黄金现货
2026-04-13,4.652,510300.SH,沪深300ETF
2026-04-13,3.223,510880.SH,红利
2026-04-13,0.335,512170.SH,医疗
2026-04-13,2.096,512400.SH,有色
2026-04-13,0.783,512480.SH,半导体
2026-04-13,0.489,512690.SH,酒
2026-04-13,0.789,512800.SH,银行
2026-04-13,1.075,512880.SH,证券
2026-04-13,1042.3,AU9999.SHG,黄金现货
2026-04-14,4.712,510300.SH,沪深300ETF
2026-04-14,3.223,510880.SH,红利
2026-04-14,0.337,512170.SH,医疗
2026-04-14,2.136,512400.SH,有色
2026-04-14,0.804,512480.SH,半导体
2026-04-14,0.491,512690.SH,酒
2026-04-14,0.794,512800.SH,银行
2026-04-14,1.081,512880.SH,证券
2026-04-14,1048.35,AU9999.SHG,黄金现货
2026-04-15,4.694,510300.SH,沪深300ETF
2026-04-15,3.24,510880.SH,红利
2026-04-15,0.337,512170.SH,医疗
2026-04-15,2.104,512400.SH,有色
2026-04-15,0.799,512480.SH,半导体
2026-04-15,0.492,512690.SH,酒
2026-04-15,0.802,512800.SH,银行
2026-04-15,1.073,512880.SH,证券
2026-04-15,1055.19,AU9999.SHG,黄金现货
2026-04-16,4.746,510300.SH,沪深300ETF
2026-04-16,3.244,510880.SH,红利
2026-04-16,0.337,512170.SH,医疗
2026-04-16,2.17,512400.SH,有色
2026-04-16,0.81,512480.SH,半导体
2026-04-16,0.493,512690.SH,酒
2026-04-16,0.801,512800.SH,银行
2026-04-16,1.081,512880.SH,证券
2026-04-16,1058.36,AU9999.SHG,黄金现货
2026-04-17,4.739,510300.SH,沪深300ETF
2026-04-17,3.218,510880.SH,红利
2026-04-17,0.331,512170.SH,医疗
2026-04-17,2.167,512400.SH,有色
2026-04-17,0.814,512480.SH,半导体
2026-04-17,0.485,512690.SH,酒
2026-04-17,0.796,512800.SH,银行
2026-04-17,1.076,512880.SH,证券
2026-04-17,1053.0,AU9999.SHG,黄金现货
2026-04-20,4.765,510300.SH,沪深300ETF
2026-04-20,3.225,510880.SH,红利
2026-04-20,0.334,512170.SH,医疗
2026-04-20,2.179,512400.SH,有色
2026-04-20,0.8265,512480.SH,半导体
2026-04-20,0.484,512690.SH,酒
2026-04-20,0.805,512800.SH,银行
2026-04-20,1.075,512880.SH,证券
2026-04-20,1053.98,AU9999.SHG,黄金现货
2026-04-21,4.776,510300.SH,沪深300ETF
2026-04-21,3.265,510880.SH,红利
2026-04-21,0.332,512170.SH,医疗
2026-04-21,2.18,512400.SH,有色
2026-04-21,0.8175,512480.SH,半导体
2026-04-21,0.483,512690.SH,酒
2026-04-21,0.808,512800.SH,银行
2026-04-21,1.066,512880.SH,证券
2026-04-21,1050.48,AU9999.SHG,黄金现货
2026-04-22,4.811,510300.SH,沪深300ETF
2026-04-22,3.269,510880.SH,红利
2026-04-22,0.336,512170.SH,医疗
2026-04-22,2.179,512400.SH,有色
2026-04-22,0.8385,512480.SH,半导体
2026-04-22,0.482,512690.SH,酒
2026-04-22,0.802,512800.SH,银行
2026-04-22,1.075,512880.SH,证券
2026-04-22,1049.11,AU9999.SHG,黄金现货
2026-04-23,4.801,510300.SH,沪深300ETF
2026-04-23,3.293,510880.SH,红利
2026-04-23,0.335,512170.SH,医疗
2026-04-23,2.098,512400.SH,有色
2026-04-23,0.824,512480.SH,半导体
2026-04-23,0.49,512690.SH,酒
2026-04-23,0.804,512800.SH,银行
2026-04-23,1.066,512880.SH,证券
2026-04-23,1037.5,AU9999.SHG,黄金现货
2026-04-24,4.782,510300.SH,沪深300ETF
2026-04-24,3.28,510880.SH,红利
2026-04-24,0.335,512170.SH,医疗
2026-04-24,2.118,512400.SH,有色
2026-04-24,0.8385,512480.SH,半导体
2026-04-24,0.491,512690.SH,酒
2026-04-24,0.803,512800.SH,银行
2026-04-24,1.056,512880.SH,证券
2026-04-24,1033.25,AU9999.SHG,黄金现货
2026-04-27,4.782,510300.SH,沪深300ETF
2026-04-27,3.275,510880.SH,红利
2026-04-27,0.332,512170.SH,医疗
2026-04-27,2.095,512400.SH,有色
2026-04-27,0.8775,512480.SH,半导体
2026-04-27,0.482,512690.SH,酒
2026-04-27,0.8,512800.SH,银行
2026-04-27,1.057,512880.SH,证券
2026-04-27,1037.21,AU9999.SHG,黄金现货
2026-04-28,4.77,510300.SH,沪深300ETF
2026-04-28,3.325,510880.SH,红利
2026-04-28,0.34,512170.SH,医疗
2026-04-28,2.043,512400.SH,有色
2026-04-28,0.8675,512480.SH,半导体
2026-04-28,0.482,512690.SH,酒
2026-04-28,0.803,512800.SH,银行
2026-04-28,1.07,512880.SH,证券
2026-04-28,1020.73,AU9999.SHG,黄金现货
2026-04-29,4.821,510300.SH,沪深300ETF
2026-04-29,3.347,510880.SH,红利
2026-04-29,0.338,512170.SH,医疗
2026-04-29,2.14,512400.SH,有色
2026-04-29,0.866,512480.SH,半导体
2026-04-29,0.487,512690.SH,酒
2026-04-29,0.8,512800.SH,银行
2026-04-29,1.076,512880.SH,证券
2026-04-29,1009.88,AU9999.SHG,黄金现货
2026-04-30,4.824,510300.SH,沪深300ETF
2026-04-30,3.341,510880.SH,红利
2026-04-30,0.336,512170.SH,医疗
2026-04-30,2.119,512400.SH,有色
2026-04-30,0.9085,512480.SH,半导体
2026-04-30,0.484,512690.SH,酒
2026-04-30,0.795,512800.SH,银行
2026-04-30,1.078,512880.SH,证券
2026-04-30,1013.6,AU9999.SHG,黄金现货
2026-05-06,4.888,510300.SH,沪深300ETF
2026-05-06,3.341,510880.SH,红利
2026-05-06,0.335,512170.SH,医疗
2026-05-06,2.199,512400.SH,有色
2026-05-06,0.9565,512480.SH,半导体
2026-05-06,0.477,512690.SH,酒
2026-05-06,0.788,512800.SH,银行
2026-05-06,1.094,512880.SH,证券
2026-05-06,1026.94,AU9999.SHG,黄金现货
2026-05-07,4.912,510300.SH,沪深300ETF
2026-05-07,3.272,510880.SH,红利
2026-05-07,0.338,512170.SH,医疗
2026-05-07,2.207,512400.SH,有色
2026-05-07,0.9745,512480.SH,半导体
2026-05-07,0.478,512690.SH,酒
2026-05-07,0.784,512800.SH,银行
2026-05-07,1.089,512880.SH,证券
2026-05-07,1038.94,AU9999.SHG,黄金现货
2026-05-08,4.886,510300.SH,沪深300ETF
2026-05-08,3.261,510880.SH,红利
2026-05-08,0.337,512170.SH,医疗
2026-05-08,2.206,512400.SH,有色
2026-05-08,0.951,512480.SH,半导体
2026-05-08,0.476,512690.SH,酒
2026-05-08,0.785,512800.SH,银行
2026-05-08,1.08,512880.SH,证券
2026-05-08,1032.0,AU9999.SHG,黄金现货
2026-05-11,4.966,510300.SH,沪深300ETF
2026-05-11,3.263,510880.SH,红利
2026-05-11,0.34,512170.SH,医疗
2026-05-11,2.208,512400.SH,有色
2026-05-11,1.009,512480.SH,半导体
2026-05-11,0.475,512690.SH,酒
2026-05-11,0.785,512800.SH,银行
2026-05-11,1.097,512880.SH,证券
2026-05-11,1025.82,AU9999.SHG,黄金现货
2026-05-12,4.963,510300.SH,沪深300ETF
2026-05-12,3.257,510880.SH,红利
2026-05-12,0.337,512170.SH,医疗
2026-05-12,2.188,512400.SH,有色
2026-05-12,1.0125,512480.SH,半导体
2026-05-12,0.469,512690.SH,酒
2026-05-12,0.782,512800.SH,银行
2026-05-12,1.102,512880.SH,证券
2026-05-12,1028.51,AU9999.SHG,黄金现货
2026-05-13,5.017,510300.SH,沪深300ETF
2026-05-13,3.244,510880.SH,红利
2026-05-13,0.336,512170.SH,医疗
2026-05-13,2.209,512400.SH,有色
2026-05-13,1.044,512480.SH,半导体
2026-05-13,0.462,512690.SH,酒
2026-05-13,0.78,512800.SH,银行
2026-05-13,1.095,512880.SH,证券
2026-05-13,1029.99,AU9999.SHG,黄金现货
2026-05-14,4.941,510300.SH,沪深300ETF
2026-05-14,3.223,510880.SH,红利
2026-05-14,0.329,512170.SH,医疗
2026-05-14,2.13,512400.SH,有色
2026-05-14,1.0215,512480.SH,半导体
2026-05-14,0.466,512690.SH,酒
2026-05-14,0.784,512800.SH,银行
2026-05-14,1.071,512880.SH,证券
2026-05-14,1028.68,AU9999.SHG,黄金现货
2026-05-15,4.878,510300.SH,沪深300ETF
2026-05-15,3.223,510880.SH,红利
2026-05-15,0.327,512170.SH,医疗
2026-05-15,2.039,512400.SH,有色
2026-05-15,1.0175,512480.SH,半导体
2026-05-15,0.455,512690.SH,酒
2026-05-15,0.779,512800.SH,银行
2026-05-15,1.048,512880.SH,证券
2026-05-15,1006.01,AU9999.SHG,黄金现货
2026-05-18,4.852,510300.SH,沪深300ETF
2026-05-18,3.217,510880.SH,红利
2026-05-18,0.322,512170.SH,医疗
2026-05-18,2.009,512400.SH,有色
2026-05-18,1.029,512480.SH,半导体
2026-05-18,0.451,512690.SH,酒
2026-05-18,0.771,512800.SH,银行
2026-05-18,1.047,512880.SH,证券
2026-05-18,999.69,AU9999.SHG,黄金现货
2026-05-19,4.869,510300.SH,沪深300ETF
2026-05-19,3.222,510880.SH,红利
2026-05-19,0.325,512170.SH,医疗
2026-05-19,1.981,512400.SH,有色
2026-05-19,1.0655,512480.SH,半导体
2026-05-19,0.452,512690.SH,酒
2026-05-19,0.775,512800.SH,银行
2026-05-19,1.056,512880.SH,证券
2026-05-19,998.0,AU9999.SHG,黄金现货
2026-05-20,4.871,510300.SH,沪深300ETF
2026-05-20,3.215,510880.SH,红利
2026-05-20,0.321,512170.SH,医疗
2026-05-20,1.985,512400.SH,有色
2026-05-20,1.1135,512480.SH,半导体
2026-05-20,0.455,512690.SH,酒
2026-05-20,0.768,512800.SH,银行
2026-05-20,1.049,512880.SH,证券
2026-05-20,984.98,AU9999.SHG,黄金现货
2026-05-21,4.808,510300.SH,沪深300ETF
2026-05-21,3.172,510880.SH,红利
2026-05-21,0.324,512170.SH,医疗
2026-05-21,1.947,512400.SH,有色
2026-05-21,1.066,512480.SH,半导体
2026-05-21,0.454,512690.SH,酒
2026-05-21,0.771,512800.SH,银行
2026-05-21,1.054,512880.SH,证券
2026-05-21,991.4,AU9999.SHG,黄金现货
2026-05-22,4.862,510300.SH,沪深300ETF
2026-05-22,3.156,510880.SH,红利
2026-05-22,0.321,512170.SH,医疗
2026-05-22,2.019,512400.SH,有色
2026-05-22,1.0945,512480.SH,半导体
2026-05-22,0.444,512690.SH,酒
2026-05-22,0.769,512800.SH,银行
2026-05-22,1.037,512880.SH,证券
2026-05-22,992.1,AU9999.SHG,黄金现货
2026-05-25,4.937,510300.SH,沪深300ETF
2026-05-25,3.185,510880.SH,红利
2026-05-25,0.322,512170.SH,医疗
2026-05-25,2.025,512400.SH,有色
2026-05-25,1.174,512480.SH,半导体
2026-05-25,0.448,512690.SH,酒
2026-05-25,0.767,512800.SH,银行
2026-05-25,1.045,512880.SH,证券
2026-05-25,997.0,AU9999.SHG,黄金现货
2026-05-26,4.972,510300.SH,沪深300ETF
2026-05-26,3.186,510880.SH,红利
2026-05-26,0.32,512170.SH,医疗
2026-05-26,2.095,512400.SH,有色
2026-05-26,1.1605,512480.SH,半导体
2026-05-26,0.444,512690.SH,酒
2026-05-26,0.771,512800.SH,银行
2026-05-26,1.056,512880.SH,证券
2026-05-26,991.97,AU9999.SHG,黄金现货
2026-05-27,4.932,510300.SH,沪深300ETF
2026-05-27,3.17,510880.SH,红利
2026-05-27,0.317,512170.SH,医疗
2026-05-27,2.013,512400.SH,有色
2026-05-27,1.1325,512480.SH,半导体
2026-05-27,0.453,512690.SH,酒
2026-05-27,0.767,512800.SH,银行
2026-05-27,1.043,512880.SH,证券
2026-05-27,982.53,AU9999.SHG,黄金现货
2026-05-28,4.932,510300.SH,沪深300ETF
2026-05-28,3.17,510880.SH,红利
2026-05-28,0.313,512170.SH,医疗
2026-05-28,1.991,512400.SH,有色
2026-05-28,1.147,512480.SH,半导体
2026-05-28,0.443,512690.SH,酒
2026-05-28,0.761,512800.SH,银行
2026-05-28,1.021,512880.SH,证券
2026-05-28,961.82,AU9999.SHG,黄金现货
2026-05-29,4.923,510300.SH,沪深300ETF
2026-05-29,3.206,510880.SH,红利
2026-05-29,0.315,512170.SH,医疗
2026-05-29,1.965,512400.SH,有色
2026-05-29,1.08,512480.SH,半导体
2026-05-29,0.457,512690.SH,酒
2026-05-29,0.776,512800.SH,银行
2026-05-29,1.033,512880.SH,证券
2026-05-29,984.96,AU9999.SHG,黄金现货
2026-06-01,4.868,510300.SH,沪深300ETF
2026-06-01,3.307,510880.SH,红利
2026-06-01,0.313,512170.SH,医疗
2026-06-01,1.949,512400.SH,有色
2026-06-01,1.023,512480.SH,半导体
2026-06-01,0.456,512690.SH,酒
2026-06-01,0.785,512800.SH,银行
2026-06-01,1.035,512880.SH,证券
2026-06-01,980.6,AU9999.SHG,黄金现货
2026-06-02,4.936,510300.SH,沪深300ETF
2026-06-02,3.308,510880.SH,红利
2026-06-02,0.309,512170.SH,医疗
2026-06-02,2.015,512400.SH,有色
2026-06-02,1.04,512480.SH,半导体
2026-06-02,0.448,512690.SH,酒
2026-06-02,0.79,512800.SH,银行
2026-06-02,1.037,512880.SH,证券
2026-06-02,987.45,AU9999.SHG,黄金现货
2026-06-03,4.965,510300.SH,沪深300ETF
2026-06-03,3.324,510880.SH,红利
2026-06-03,0.305,512170.SH,医疗
2026-06-03,2.032,512400.SH,有色
2026-06-03,1.075,512480.SH,半导体
2026-06-03,0.444,512690.SH,酒
2026-06-03,0.783,512800.SH,银行
2026-06-03,1.035,512880.SH,证券
2026-06-03,972.8,AU9999.SHG,黄金现货
2026-06-04,4.926,510300.SH,沪深300ETF
2026-06-04,3.327,510880.SH,红利
2026-06-04,0.301,512170.SH,医疗
2026-06-04,1.97,512400.SH,有色
2026-06-04,1.0965,512480.SH,半导体
2026-06-04,0.433,512690.SH,酒
2026-06-04,0.774,512800.SH,银行
2026-06-04,1.022,512880.SH,证券
2026-06-04,974.5,AU9999.SHG,黄金现货
2026-06-05,4.843,510300.SH,沪深300ETF
2026-06-05,3.321,510880.SH,红利
2026-06-05,0.3,512170.SH,医疗
2026-06-05,1.926,512400.SH,有色
2026-06-05,1.0455,512480.SH,半导体
2026-06-05,0.433,512690.SH,酒
2026-06-05,0.784,512800.SH,银行
2026-06-05,1.016,512880.SH,证券
2026-06-05,974.41,AU9999.SHG,黄金现货
2026-06-08,4.739,510300.SH,沪深300ETF
2026-06-08,3.304,510880.SH,红利
2026-06-08,0.293,512170.SH,医疗
2026-06-08,1.82,512400.SH,有色
2026-06-08,0.9975,512480.SH,半导体
2026-06-08,0.425,512690.SH,酒
2026-06-08,0.789,512800.SH,银行
2026-06-08,1.001,512880.SH,证券
2026-06-08,941.01,AU9999.SHG,黄金现货
2026-06-09,4.826,510300.SH,沪深300ETF
2026-06-09,3.291,510880.SH,红利
2026-06-09,0.292,512170.SH,医疗
2026-06-09,1.869,512400.SH,有色
2026-06-09,1.0545,512480.SH,半导体
2026-06-09,0.421,512690.SH,酒
2026-06-09,0.792,512800.SH,银行
2026-06-09,1.005,512880.SH,证券
2026-06-09,944.98,AU9999.SHG,黄金现货
2026-06-10,4.784,510300.SH,沪深300ETF
2026-06-10,3.261,510880.SH,红利
2026-06-10,0.291,512170.SH,医疗
2026-06-10,1.843,512400.SH,有色
2026-06-10,1.05,512480.SH,半导体
2026-06-10,0.426,512690.SH,酒
2026-06-10,0.806,512800.SH,银行
2026-06-10,1.018,512880.SH,证券
2026-06-10,915.63,AU9999.SHG,黄金现货
2026-06-11,4.751,510300.SH,沪深300ETF
2026-06-11,3.26,510880.SH,红利
2026-06-11,0.293,512170.SH,医疗
2026-06-11,1.88,512400.SH,有色
2026-06-11,1.065,512480.SH,半导体
2026-06-11,0.424,512690.SH,酒
2026-06-11,0.802,512800.SH,银行
2026-06-11,1.008,512880.SH,证券
2026-06-11,896.01,AU9999.SHG,黄金现货
2026-06-12,4.818,510300.SH,沪深300ETF
2026-06-12,3.303,510880.SH,红利
2026-06-12,0.298,512170.SH,医疗
2026-06-12,1.976,512400.SH,有色
2026-06-12,1.053,512480.SH,半导体
2026-06-12,0.428,512690.SH,酒
2026-06-12,0.814,512800.SH,银行
2026-06-12,1.045,512880.SH,证券
2026-06-12,907.47,AU9999.SHG,黄金现货
2026-06-15,4.919,510300.SH,沪深300ETF
2026-06-15,3.249,510880.SH,红利
2026-06-15,0.297,512170.SH,医疗
2026-06-15,2.063,512400.SH,有色
2026-06-15,1.1155,512480.SH,半导体
2026-06-15,0.426,512690.SH,酒
2026-06-15,0.802,512800.SH,银行
2026-06-15,1.072,512880.SH,证券
2026-06-15,937.51,AU9999.SHG,黄金现货
2026-06-16,4.91,510300.SH,沪深300ETF
2026-06-16,3.196,510880.SH,红利
2026-06-16,0.293,512170.SH,医疗
2026-06-16,2.049,512400.SH,有色
2026-06-16,1.127,512480.SH,半导体
2026-06-16,0.419,512690.SH,酒
2026-06-16,0.792,512800.SH,银行
2026-06-16,1.082,512880.SH,证券
2026-06-16,940.48,AU9999.SHG,黄金现货
2026-06-17,4.958,510300.SH,沪深300ETF
2026-06-17,3.16,510880.SH,红利
2026-06-17,0.294,512170.SH,医疗
2026-06-17,2.045,512400.SH,有色
2026-06-17,1.1935,512480.SH,半导体
2026-06-17,0.413,512690.SH,酒
2026-06-17,0.785,512800.SH,银行
2026-06-17,1.081,512880.SH,证券
2026-06-17,939.18,AU9999.SHG,黄金现货
2026-06-18,4.984,510300.SH,沪深300ETF
2026-06-18,3.098,510880.SH,红利
2026-06-18,0.296,512170.SH,医疗
2026-06-18,2.05,512400.SH,有色
2026-06-18,1.2405,512480.SH,半导体
2026-06-18,0.404,512690.SH,酒
2026-06-18,0.766,512800.SH,银行
2026-06-18,1.05,512880.SH,证券
2026-06-18,935.86,AU9999.SHG,黄金现货
2026-06-22,5.091,510300.SH,沪深300ETF
2026-06-22,3.125,510880.SH,红利
2026-06-22,0.297,512170.SH,医疗
2026-06-22,2.155,512400.SH,有色
2026-06-22,1.276,512480.SH,半导体
2026-06-22,0.407,512690.SH,酒
2026-06-22,0.771,512800.SH,银行
2026-06-22,1.131,512880.SH,证券
2026-06-22,914.35,AU9999.SHG,黄金现货
2026-06-23,4.942,510300.SH,沪深300ETF
2026-06-23,3.104,510880.SH,红利
2026-06-23,0.298,512170.SH,医疗
2026-06-23,1.976,512400.SH,有色
2026-06-23,1.256,512480.SH,半导体
2026-06-23,0.399,512690.SH,酒
2026-06-23,0.778,512800.SH,银行
2026-06-23,1.131,512880.SH,证券
2026-06-23,898.93,AU9999.SHG,黄金现货
2026-06-24,4.967,510300.SH,沪深300ETF
2026-06-24,3.048,510880.SH,红利
2026-06-24,0.302,512170.SH,医疗
2026-06-24,1.98,512400.SH,有色
2026-06-24,1.326,512480.SH,半导体
2026-06-24,0.39,512690.SH,酒
2026-06-24,0.761,512800.SH,银行
2026-06-24,1.111,512880.SH,证券
2026-06-24,894.39,AU9999.SHG,黄金现货
2026-06-25,5.048,510300.SH,沪深300ETF
2026-06-25,3.006,510880.SH,红利
2026-06-25,0.302,512170.SH,医疗
2026-06-25,1.922,512400.SH,有色
2026-06-25,1.387,512480.SH,半导体
2026-06-25,0.396,512690.SH,酒
2026-06-25,0.753,512800.SH,银行
2026-06-25,1.149,512880.SH,证券
2026-06-25,874.95,AU9999.SHG,黄金现货
2026-06-26,4.907,510300.SH,沪深300ETF
2026-06-26,2.954,510880.SH,红利
2026-06-26,0.296,512170.SH,医疗
2026-06-26,1.839,512400.SH,有色
2026-06-26,1.3735,512480.SH,半导体
2026-06-26,0.388,512690.SH,酒
2026-06-26,0.746,512800.SH,银行
2026-06-26,1.107,512880.SH,证券
2026-06-26,883.7,AU9999.SHG,黄金现货
2026-06-29,4.959,510300.SH,沪深300ETF
2026-06-29,2.972,510880.SH,红利
2026-06-29,0.311,512170.SH,医疗
2026-06-29,1.864,512400.SH,有色
2026-06-29,1.4545,512480.SH,半导体
2026-06-29,0.396,512690.SH,酒
2026-06-29,0.75,512800.SH,银行
2026-06-29,1.123,512880.SH,证券
2026-06-29,886.74,AU9999.SHG,黄金现货
2026-06-30,5.019,510300.SH,沪深300ETF
2026-06-30,2.916,510880.SH,红利
2026-06-30,0.306,512170.SH,医疗
2026-06-30,1.854,512400.SH,有色
2026-06-30,1.5025,512480.SH,半导体
2026-06-30,0.393,512690.SH,酒
2026-06-30,0.734,512800.SH,银行
2026-06-30,1.126,512880.SH,证券
2026-06-30,879.03,AU9999.SHG,黄金现货
2026-07-01,4.998,510300.SH,沪深300ETF
2026-07-01,2.963,510880.SH,红利
2026-07-01,0.314,512170.SH,医疗
2026-07-01,1.848,512400.SH,有色
2026-07-01,1.4715,512480.SH,半导体
2026-07-01,0.398,512690.SH,酒
2026-07-01,0.737,512800.SH,银行
2026-07-01,1.176,512880.SH,证券
2026-07-01,868.8,AU9999.SHG,黄金现货
2026-07-02,4.85,510300.SH,沪深300ETF
2026-07-02,2.993,510880.SH,红利
2026-07-02,0.311,512170.SH,医疗
2026-07-02,1.88,512400.SH,有色
2026-07-02,1.35,512480.SH,半导体
2026-07-02,0.396,512690.SH,酒
2026-07-02,0.748,512800.SH,银行
2026-07-02,1.15,512880.SH,证券
2026-07-02,887.0,AU9999.SHG,黄金现货
2026-07-03,4.876,510300.SH,沪深300ETF
2026-07-03,3.024,510880.SH,红利
2026-07-03,0.316,512170.SH,医疗
2026-07-03,1.892,512400.SH,有色
2026-07-03,1.331,512480.SH,半导体
2026-07-03,0.396,512690.SH,酒
2026-07-03,0.747,512800.SH,银行
2026-07-03,1.155,512880.SH,证券
2026-07-03,910.98,AU9999.SHG,黄金现货
2026-07-06,4.877,510300.SH,沪深300ETF
2026-07-06,3.089,510880.SH,红利
2026-07-06,0.317,512170.SH,医疗
2026-07-06,1.865,512400.SH,有色
2026-07-06,1.334,512480.SH,半导体
2026-07-06,0.401,512690.SH,酒
2026-07-06,0.76,512800.SH,银行
2026-07-06,1.16,512880.SH,证券
2026-07-06,907.77,AU9999.SHG,黄金现货
2026-07-07,4.826,510300.SH,沪深300ETF
2026-07-07,3.044,510880.SH,红利
2026-07-07,0.306,512170.SH,医疗
2026-07-07,1.803,512400.SH,有色
2026-07-07,1.336,512480.SH,半导体
2026-07-07,0.39,512690.SH,酒
2026-07-07,0.759,512800.SH,银行
2026-07-07,1.123,512880.SH,证券
2026-07-07,902.57,AU9999.SHG,黄金现货
2026-07-08,4.798,510300.SH,沪深300ETF
2026-07-08,3.08,510880.SH,红利
2026-07-08,0.304,512170.SH,医疗
2026-07-08,1.75,512400.SH,有色
2026-07-08,1.339,512480.SH,半导体
2026-07-08,0.39,512690.SH,酒
2026-07-08,0.77,512800.SH,银行
2026-07-08,1.111,512880.SH,证券
2026-07-08,901.07,AU9999.SHG,黄金现货
2026-07-09,4.916,510300.SH,沪深300ETF
2026-07-09,3.04,510880.SH,红利
2026-07-09,0.307,512170.SH,医疗
2026-07-09,1.745,512400.SH,有色
2026-07-09,1.471,512480.SH,半导体
2026-07-09,0.383,512690.SH,酒
2026-07-09,0.761,512800.SH,银行
2026-07-09,1.132,512880.SH,证券
2026-07-09,898.79,AU9999.SHG,黄金现货
2026-07-10,4.829,510300.SH,沪深300ETF
2026-07-10,3.045,510880.SH,红利
2026-07-10,0.316,512170.SH,医疗
2026-07-10,1.756,512400.SH,有色
2026-07-10,1.369,512480.SH,半导体
2026-07-10,0.397,512690.SH,酒
2026-07-10,0.767,512800.SH,银行
2026-07-10,1.11,512880.SH,证券
2026-07-10,897.25,AU9999.SHG,黄金现货
2026-07-13,4.744,510300.SH,沪深300ETF
2026-07-13,3.066,510880.SH,红利
2026-07-13,0.311,512170.SH,医疗
2026-07-13,1.679,512400.SH,有色
2026-07-13,1.292,512480.SH,半导体
2026-07-13,0.393,512690.SH,酒
2026-07-13,0.779,512800.SH,银行
2026-07-13,1.098,512880.SH,证券
2026-07-13,886.46,AU9999.SHG,黄金现货
2026-07-14,4.837,510300.SH,沪深300ETF
2026-07-14,3.138,510880.SH,红利
2026-07-14,0.319,512170.SH,医疗
2026-07-14,1.774,512400.SH,有色
2026-07-14,1.308,512480.SH,半导体
2026-07-14,0.396,512690.SH,酒
2026-07-14,0.781,512800.SH,银行
2026-07-14,1.104,512880.SH,证券
2026-07-14,879.9,AU9999.SHG,黄金现货
2026-07-15,4.838,510300.SH,沪深300ETF
2026-07-15,3.185,510880.SH,红利
2026-07-15,0.332,512170.SH,医疗
2026-07-15,1.739,512400.SH,有色
2026-07-15,1.232,512480.SH,半导体
2026-07-15,0.416,512690.SH,酒
2026-07-15,0.79,512800.SH,银行
2026-07-15,1.13,512880.SH,证券
2026-07-15,877.99,AU9999.SHG,黄金现货
2026-07-16,4.753,510300.SH,沪深300ETF
2026-07-16,3.146,510880.SH,红利
2026-07-16,0.333,512170.SH,医疗
2026-07-16,1.725,512400.SH,有色
2026-07-16,1.159,512480.SH,半导体
2026-07-16,0.42,512690.SH,酒
2026-07-16,0.782,512800.SH,银行
2026-07-16,1.113,512880.SH,证券
2026-07-16,877.32,AU9999.SHG,黄金现货
2026-07-17,4.589,510300.SH,沪深300ETF
2026-07-17,3.135,510880.SH,红利
2026-07-17,0.318,512170.SH,医疗
2026-07-17,1.636,512400.SH,有色
2026-07-17,1.07,512480.SH,半导体
2026-07-17,0.413,512690.SH,酒
2026-07-17,0.789,512800.SH,银行
2026-07-17,1.097,512880.SH,证券
2026-07-17,872.48,AU9999.SHG,黄金现货
2026-07-20,4.65,510300.SH,沪深300ETF
2026-07-20,3.242,510880.SH,红利
2026-07-20,0.326,512170.SH,医疗
2026-07-20,1.625,512400.SH,有色
2026-07-20,1.04,512480.SH,半导体
2026-07-20,0.432,512690.SH,酒
2026-07-20,0.808,512800.SH,银行
2026-07-20,1.118,512880.SH,证券
2026-07-20,873.0,AU9999.SHG,黄金现货
2026-07-21,4.787,510300.SH,沪深300ETF
2026-07-21,3.205,510880.SH,红利
2026-07-21,0.328,512170.SH,医疗
2026-07-21,1.71,512400.SH,有色
2026-07-21,1.144,512480.SH,半导体
2026-07-21,0.425,512690.SH,酒
2026-07-21,0.79,512800.SH,银行
2026-07-21,1.123,512880.SH,证券
2026-07-21,886.95,AU9999.SHG,黄金现货
2026-07-22,4.765,510300.SH,沪深300ETF
2026-07-22,3.253,510880.SH,红利
2026-07-22,0.327,512170.SH,医疗
2026-07-22,1.768,512400.SH,有色
2026-07-22,1.152,512480.SH,半导体
2026-07-22,0.43,512690.SH,酒
2026-07-22,0.799,512800.SH,银行
2026-07-22,1.114,512880.SH,证券
2026-07-22,899.0,AU9999.SHG,黄金现货
2026-07-23,4.787,510300.SH,沪深300ETF
2026-07-23,3.28,510880.SH,红利
2026-07-23,0.325,512170.SH,医疗
2026-07-23,1.822,512400.SH,有色
2026-07-23,1.106,512480.SH,半导体
2026-07-23,0.425,512690.SH,酒
2026-07-23,0.803,512800.SH,银行
2026-07-23,1.128,512880.SH,证券
2026-07-23,895.67,AU9999.SHG,黄金现货
2026-07-24,4.701,510300.SH,沪深300ETF
2026-07-24,3.223,510880.SH,红利
2026-07-24,0.315,512170.SH,医疗
2026-07-24,1.735,512400.SH,有色
2026-07-24,1.113,512480.SH,半导体
2026-07-24,0.416,512690.SH,酒
2026-07-24,0.804,512800.SH,银行
2026-07-24,1.099,512880.SH,证券
2026-07-24,883.66,AU9999.SHG,黄金现货
2026-07-27,4.753,510300.SH,沪深300ETF
2026-07-27,3.232,510880.SH,红利
2026-07-27,0.323,512170.SH,医疗
2026-07-27,1.776,512400.SH,有色
2026-07-27,1.124,512480.SH,半导体
2026-07-27,0.42,512690.SH,酒
2026-07-27,0.805,512800.SH,银行
2026-07-27,1.104,512880.SH,证券
2026-07-27,893.97,AU9999.SHG,黄金现货
2026-07-28,4.627,510300.SH,沪深300ETF
2026-07-28,3.232,510880.SH,红利
2026-07-28,0.32,512170.SH,医疗
2026-07-28,1.736,512400.SH,有色
2026-07-28,1.041,512480.SH,半导体
2026-07-28,0.43,512690.SH,酒
2026-07-28,0.818,512800.SH,银行
2026-07-28,1.085,512880.SH,证券
2026-07-28,883.28,AU9999.SHG,黄金现货
2026-07-29,4.657,510300.SH,沪深300ETF
2026-07-29,3.273,510880.SH,红利
2026-07-29,0.326,512170.SH,医疗
2026-07-29,1.768,512400.SH,有色
2026-07-29,1.027,512480.SH,半导体
2026-07-29,0.436,512690.SH,酒
2026-07-29,0.819,512800.SH,银行
2026-07-29,1.106,512880.SH,证券
2026-07-29,881.98,AU9999.SHG,黄金现货
2026-07-30,4.605,510300.SH,沪深300ETF
2026-07-30,3.312,510880.SH,红利
2026-07-30,0.325,512170.SH,医疗
2026-07-30,1.747,512400.SH,有色
2026-07-30,0.958,512480.SH,半导体
2026-07-30,0.452,512690.SH,酒
2026-07-30,0.84,512800.SH,银行
2026-07-30,1.106,512880.SH,证券
2026-07-30,880.69,AU9999.SHG,黄金现货
2026-07-31,4.653,510300.SH,沪深300ETF
2026-07-31,3.304,510880.SH,红利
2026-07-31,0.33,512170.SH,医疗
2026-07-31,1.792,512400.SH,有色
2026-07-31,0.992,512480.SH,半导体
2026-07-31,0.453,512690.SH,酒
2026-07-31,0.836,512800.SH,银行
2026-07-31,1.107,512880.SH,证券
2026-07-31,884.92,AU9999.SHG,黄金现货
2026-08-03,4.599,510300.SH,沪深300ETF
2026-08-03,3.285,510880.SH,红利
2026-08-03,0.328,512170.SH,医疗
2026-08-03,1.778,512400.SH,有色
2026-08-03,0.921,512480.SH,半导体
2026-08-03,0.448,512690.SH,酒
2026-08-03,0.831,512800.SH,银行
2026-08-03,1.105,512880.SH,证券
2026-08-03,883.04,AU9999.SHG,黄金现货
2026-08-04,4.651,510300.SH,沪深300ETF
2026-08-04,3.237,510880.SH,红利
2026-08-04,0.334,512170.SH,医疗
2026-08-04,1.809,512400.SH,有色
2026-08-04,0.969,512480.SH,半导体
2026-08-04,0.441,512690.SH,酒
2026-08-04,0.811,512800.SH,银行
2026-08-04,1.104,512880.SH,证券
2026-08-04,884.22,AU9999.SHG,黄金现货
